clinic_id,date,total_beds,occupied_beds,occupancy_rate,emergency_capacity_used
C1,05/31/2026,26,9,34.6,4
C1,06/01/2026,26,13,50.0,2
C1,06/02/2026,26,16,61.5,4
C1,06/03/2026,26,21,80.8,1
C1,06/04/2026,26,18,69.2,2
C1,06/05/2026,26,17,65.4,4
C1,06/06/2026,26,13,50.0,2
C1,06/07/2026,26,11,42.3,4
C1,06/08/2026,26,8,30.8,3
C1,06/09/2026,26,17,65.4,5
C1,06/10/2026,26,16,61.5,3
C1,06/11/2026,26,20,76.9,0
C1,06/12/2026,26,18,69.2,1
C1,06/13/2026,26,15,57.7,4
C1,06/14/2026,26,9,34.6,0
C1,06/15/2026,26,7,26.9,2
C1,06/16/2026,26,14,53.8,1
C1,06/17/2026,26,18,69.2,3
C1,06/18/2026,26,22,84.6,5
C1,06/19/2026,26,20,76.9,5
C1,06/20/2026,26,12,46.2,3
C1,06/21/2026,26,12,46.2,3
C1,06/22/2026,26,7,26.9,2
C1,06/23/2026,26,16,61.5,2
C1,06/24/2026,26,21,80.8,4
C1,06/25/2026,26,16,61.5,1
C1,06/26/2026,26,18,69.2,0
C1,06/27/2026,26,13,50.0,5
C1,06/28/2026,26,7,26.9,1
C1,06/29/2026,26,7,26.9,1
C1,06/30/2026,26,16,61.5,1
C1,07/01/2026,26,18,69.2,3
C1,07/02/2026,26,22,84.6,3
C1,07/03/2026,26,21,80.8,3
C1,07/04/2026,26,14,53.8,2
C1,07/05/2026,26,11,42.3,0
C1,07/06/2026,26,10,38.5,1
C1,07/07/2026,26,15,57.7,1
C1,07/08/2026,26,20,76.9,5
C1,07/09/2026,26,21,80.8,1
C1,07/10/2026,26,18,69.2,5
C1,07/11/2026,26,14,53.8,1
C1,07/12/2026,26,7,26.9,3
C1,07/13/2026,26,8,30.8,1
C1,07/14/2026,26,17,65.4,3
C1,07/15/2026,26,20,76.9,5
C1,07/16/2026,26,22,84.6,3
C1,07/17/2026,26,15,57.7,5
C1,07/18/2026,26,14,53.8,4
C1,07/19/2026,26,7,26.9,4
C1,07/20/2026,26,8,30.8,0
C1,07/21/2026,26,15,57.7,3
C1,07/22/2026,26,18,69.2,4
C1,07/23/2026,26,16,61.5,4
C1,07/24/2026,26,21,80.8,4
C1,07/25/2026,26,10,38.5,0
C1,07/26/2026,26,12,46.2,0
C1,07/27/2026,26,7,26.9,3
C1,07/28/2026,26,18,69.2,2
C1,07/29/2026,26,17,65.4,0
C2,05/31/2026,47,15,31.9,2
C2,06/01/2026,47,15,31.9,2
C2,06/02/2026,47,29,61.7,1
C2,06/03/2026,47,35,74.5,1
C2,06/04/2026,47,32,68.1,3
C2,06/05/2026,47,35,74.5,0
C2,06/06/2026,47,23,48.9,1
C2,06/07/2026,47,13,27.7,5
C2,06/08/2026,47,19,40.4,2
C2,06/09/2026,47,28,59.6,5
C2,06/10/2026,47,31,66.0,2
C2,06/11/2026,47,32,68.1,2
C2,06/12/2026,47,33,70.2,5
C2,06/13/2026,47,22,46.8,0
C2,06/14/2026,47,17,36.2,1
C2,06/15/2026,47,21,44.7,5
C2,06/16/2026,47,31,66.0,2
C2,06/17/2026,47,29,61.7,1
C2,06/18/2026,47,33,70.2,3
C2,06/19/2026,47,33,70.2,2
C2,06/20/2026,47,26,55.3,0
C2,06/21/2026,47,16,34.0,4
C2,06/22/2026,47,18,38.3,5
C2,06/23/2026,47,29,61.7,4
C2,06/24/2026,47,35,74.5,2
C2,06/25/2026,47,36,76.6,3
C2,06/26/2026,47,33,70.2,2
C2,06/27/2026,47,22,46.8,5
C2,06/28/2026,47,16,34.0,1
C2,06/29/2026,47,16,34.0,4
C2,06/30/2026,47,30,63.8,0
C2,07/01/2026,47,33,70.2,5
C2,07/02/2026,47,35,74.5,3
C2,07/03/2026,47,32,68.1,3
C2,07/04/2026,47,23,48.9,5
C2,07/05/2026,47,18,38.3,2
C2,07/06/2026,47,16,34.0,3
C2,07/07/2026,47,25,53.2,5
C2,07/08/2026,47,29,61.7,0
C2,07/09/2026,47,32,68.1,2
C2,07/10/2026,47,34,72.3,0
C2,07/11/2026,47,23,48.9,4
C2,07/12/2026,47,13,27.7,2
C2,07/13/2026,47,21,44.7,5
C2,07/14/2026,47,27,57.4,0
C2,07/15/2026,47,34,72.3,4
C2,07/16/2026,47,32,68.1,2
C2,07/17/2026,47,30,63.8,3
C2,07/18/2026,47,26,55.3,2
C2,07/19/2026,47,18,38.3,0
C2,07/20/2026,47,18,38.3,0
C2,07/21/2026,47,30,63.8,0
C2,07/22/2026,47,30,63.8,3
C2,07/23/2026,47,35,74.5,5
C2,07/24/2026,47,35,74.5,1
C2,07/25/2026,47,22,46.8,0
C2,07/26/2026,47,17,36.2,0
C2,07/27/2026,47,15,31.9,2
C2,07/28/2026,47,25,53.2,1
C2,07/29/2026,47,30,63.8,3
C3,05/31/2026,25,11,44.0,4
C3,06/01/2026,25,7,28.0,0
C3,06/02/2026,25,14,56.0,5
C3,06/03/2026,25,15,60.0,4
C3,06/04/2026,25,18,72.0,1
C3,06/05/2026,25,19,76.0,3
C3,06/06/2026,25,15,60.0,2
C3,06/07/2026,25,7,28.0,0
C3,06/08/2026,25,13,52.0,5
C3,06/09/2026,25,16,64.0,3
C3,06/10/2026,25,15,60.0,5
C3,06/11/2026,25,20,80.0,2
C3,06/12/2026,25,20,80.0,0
C3,06/13/2026,25,9,36.0,3
C3,06/14/2026,25,7,28.0,5
C3,06/15/2026,25,11,44.0,2
C3,06/16/2026,25,15,60.0,3
C3,06/17/2026,25,16,64.0,3
C3,06/18/2026,25,17,68.0,1
C3,06/19/2026,25,16,64.0,2
C3,06/20/2026,25,12,48.0,3
C3,06/21/2026,25,5,20.0,0
C3,06/22/2026,25,13,52.0,1
C3,06/23/2026,25,12,48.0,2
C3,06/24/2026,25,17,68.0,0
C3,06/25/2026,25,15,60.0,1
C3,06/26/2026,25,20,80.0,5
C3,06/27/2026,25,10,40.0,2
C3,06/28/2026,25,11,44.0,3
C3,06/29/2026,25,8,32.0,0
C3,06/30/2026,25,15,60.0,3
C3,07/01/2026,25,14,56.0,1
C3,07/02/2026,25,15,60.0,5
C3,07/03/2026,25,17,68.0,4
C3,07/04/2026,25,13,52.0,2
C3,07/05/2026,25,11,44.0,0
C3,07/06/2026,25,7,28.0,2
C3,07/07/2026,25,14,56.0,2
C3,07/08/2026,25,17,68.0,5
C3,07/09/2026,25,15,60.0,3
C3,07/10/2026,25,16,64.0,0
C3,07/11/2026,25,12,48.0,5
C3,07/12/2026,25,8,32.0,5
C3,07/13/2026,25,9,36.0,5
C3,07/14/2026,25,12,48.0,2
C3,07/15/2026,25,14,56.0,4
C3,07/16/2026,25,16,64.0,5
C3,07/17/2026,25,15,60.0,1
C3,07/18/2026,25,14,56.0,2
C3,07/19/2026,25,9,36.0,0
C3,07/20/2026,25,10,40.0,0
C3,07/21/2026,25,15,60.0,0
C3,07/22/2026,25,19,76.0,4
C3,07/23/2026,25,18,72.0,2
C3,07/24/2026,25,14,56.0,0
C3,07/25/2026,25,12,48.0,2
C3,07/26/2026,25,7,28.0,5
C3,07/27/2026,25,13,52.0,5
C3,07/28/2026,25,17,68.0,5
C3,07/29/2026,25,19,76.0,5
C4,05/31/2026,22,9,40.9,2
C4,06/01/2026,22,7,31.8,1
C4,06/02/2026,22,14,63.6,5
C4,06/03/2026,22,12,54.5,3
C4,06/04/2026,22,19,86.4,0
C4,06/05/2026,22,16,72.7,3
C4,06/06/2026,22,12,54.5,2
C4,06/07/2026,22,7,31.8,2
C4,06/08/2026,22,5,22.7,0
C4,06/09/2026,22,13,59.1,3
C4,06/10/2026,22,17,77.3,4
C4,06/11/2026,22,18,81.8,4
C4,06/12/2026,22,17,77.3,2
C4,06/13/2026,22,11,50.0,0
C4,06/14/2026,22,8,36.4,4
C4,06/15/2026,22,5,22.7,5
C4,06/16/2026,22,14,63.6,2
C4,06/17/2026,22,15,68.2,0
C4,06/18/2026,22,16,72.7,4
C4,06/19/2026,22,16,72.7,0
C4,06/20/2026,22,10,45.5,1
C4,06/21/2026,22,4,18.2,1
C4,06/22/2026,22,11,50.0,5
C4,06/23/2026,22,11,50.0,2
C4,06/24/2026,22,17,77.3,1
C4,06/25/2026,22,19,86.4,5
C4,06/26/2026,22,18,81.8,1
C4,06/27/2026,22,14,63.6,2
C4,06/28/2026,22,5,22.7,1
C4,06/29/2026,22,6,27.3,0
C4,06/30/2026,22,10,45.5,0
C4,07/01/2026,22,14,63.6,5
C4,07/02/2026,22,19,86.4,4
C4,07/03/2026,22,13,59.1,1
C4,07/04/2026,22,10,45.5,1
C4,07/05/2026,22,4,18.2,4
C4,07/06/2026,22,8,36.4,1
C4,07/07/2026,22,16,72.7,0
C4,07/08/2026,22,15,68.2,4
C4,07/09/2026,22,16,72.7,0
C4,07/10/2026,22,17,77.3,5
C4,07/11/2026,22,11,50.0,2
C4,07/12/2026,22,10,45.5,3
C4,07/13/2026,22,6,27.3,1
C4,07/14/2026,22,16,72.7,5
C4,07/15/2026,22,14,63.6,0
C4,07/16/2026,22,14,63.6,5
C4,07/17/2026,22,16,72.7,5
C4,07/18/2026,22,9,40.9,1
C4,07/19/2026,22,9,40.9,0
C4,07/20/2026,22,8,36.4,1
C4,07/21/2026,22,15,68.2,5
C4,07/22/2026,22,14,63.6,3
C4,07/23/2026,22,17,77.3,0
C4,07/24/2026,22,16,72.7,3
C4,07/25/2026,22,11,50.0,3
C4,07/26/2026,22,8,36.4,3
C4,07/27/2026,22,10,45.5,4
C4,07/28/2026,22,13,59.1,5
C4,07/29/2026,22,18,81.8,2
C5,05/31/2026,94,32,34.0,4
C5,06/01/2026,94,35,37.2,3
C5,06/02/2026,94,54,57.4,5
C5,06/03/2026,94,64,68.1,0
C5,06/04/2026,94,73,77.7,2
C5,06/05/2026,94,65,69.1,1
C5,06/06/2026,94,50,53.2,1
C5,06/07/2026,94,33,35.1,1
C5,06/08/2026,94,38,40.4,5
C5,06/09/2026,94,59,62.8,0
C5,06/10/2026,94,65,69.1,4
C5,06/11/2026,94,67,71.3,1
C5,06/12/2026,94,63,67.0,0
C5,06/13/2026,94,50,53.2,1
C5,06/14/2026,94,34,36.2,5
C5,06/15/2026,94,34,36.2,4
C5,06/16/2026,94,57,60.6,0
C5,06/17/2026,94,66,70.2,4
C5,06/18/2026,94,72,76.6,4
C5,06/19/2026,94,68,72.3,2
C5,06/20/2026,94,47,50.0,1
C5,06/21/2026,94,31,33.0,4
C5,06/22/2026,94,39,41.5,0
C5,06/23/2026,94,57,60.6,5
C5,06/24/2026,94,65,69.1,4
C5,06/25/2026,94,73,77.7,0
C5,06/26/2026,94,67,71.3,5
C5,06/27/2026,94,49,52.1,3
C5,06/28/2026,94,33,35.1,3
C5,06/29/2026,94,35,37.2,1
C5,06/30/2026,94,57,60.6,3
C5,07/01/2026,94,62,66.0,5
C5,07/02/2026,94,72,76.6,4
C5,07/03/2026,94,68,72.3,1
C5,07/04/2026,94,45,47.9,5
C5,07/05/2026,94,33,35.1,3
C5,07/06/2026,94,35,37.2,3
C5,07/07/2026,94,59,62.8,1
C5,07/08/2026,94,63,67.0,2
C5,07/09/2026,94,68,72.3,0
C5,07/10/2026,94,66,70.2,4
C5,07/11/2026,94,47,50.0,1
C5,07/12/2026,94,29,30.9,3
C5,07/13/2026,94,36,38.3,3
C5,07/14/2026,94,56,59.6,1
C5,07/15/2026,94,64,68.1,3
C5,07/16/2026,94,67,71.3,0
C5,07/17/2026,94,66,70.2,2
C5,07/18/2026,94,46,48.9,4
C5,07/19/2026,94,32,34.0,2
C5,07/20/2026,94,34,36.2,0
C5,07/21/2026,94,54,57.4,2
C5,07/22/2026,94,65,69.1,4
C5,07/23/2026,94,71,75.5,3
C5,07/24/2026,94,68,72.3,5
C5,07/25/2026,94,45,47.9,4
C5,07/26/2026,94,31,33.0,1
C5,07/27/2026,94,36,38.3,0
C5,07/28/2026,94,54,57.4,4
C5,07/29/2026,94,63,67.0,1
C6,05/31/2026,65,24,36.9,1
C6,06/01/2026,65,25,38.5,0
C6,06/02/2026,65,42,64.6,3
C6,06/03/2026,65,43,66.2,4
C6,06/04/2026,65,46,70.8,4
C6,06/05/2026,65,44,67.7,4
C6,06/06/2026,65,32,49.2,0
C6,06/07/2026,65,23,35.4,4
C6,06/08/2026,65,23,35.4,3
C6,06/09/2026,65,37,56.9,4
C6,06/10/2026,65,42,64.6,2
C6,06/11/2026,65,45,69.2,2
C6,06/12/2026,65,45,69.2,1
C6,06/13/2026,65,29,44.6,5
C6,06/14/2026,65,23,35.4,3
C6,06/15/2026,65,23,35.4,4
C6,06/16/2026,65,42,64.6,0
C6,06/17/2026,65,44,67.7,0
C6,06/18/2026,65,50,76.9,0
C6,06/19/2026,65,42,64.6,5
C6,06/20/2026,65,32,49.2,0
C6,06/21/2026,65,24,36.9,4
C6,06/22/2026,65,25,38.5,2
C6,06/23/2026,65,36,55.4,3
C6,06/24/2026,65,45,69.2,4
C6,06/25/2026,65,45,69.2,2
C6,06/26/2026,65,45,69.2,0
C6,06/27/2026,65,35,53.8,3
C6,06/28/2026,65,24,36.9,3
C6,06/29/2026,65,25,38.5,1
C6,06/30/2026,65,42,64.6,4
C6,07/01/2026,65,46,70.8,2
C6,07/02/2026,65,48,73.8,0
C6,07/03/2026,65,45,69.2,2
C6,07/04/2026,65,33,50.8,3
C6,07/05/2026,65,23,35.4,0
C6,07/06/2026,65,29,44.6,4
C6,07/07/2026,65,40,61.5,1
C6,07/08/2026,65,43,66.2,5
C6,07/09/2026,65,51,78.5,1
C6,07/10/2026,65,46,70.8,2
C6,07/11/2026,65,35,53.8,4
C6,07/12/2026,65,21,32.3,2
C6,07/13/2026,65,24,36.9,3
C6,07/14/2026,65,36,55.4,1
C6,07/15/2026,65,43,66.2,3
C6,07/16/2026,65,45,69.2,4
C6,07/17/2026,65,47,72.3,5
C6,07/18/2026,65,33,50.8,1
C6,07/19/2026,65,19,29.2,1
C6,07/20/2026,65,25,38.5,1
C6,07/21/2026,65,37,56.9,4
C6,07/22/2026,65,46,70.8,4
C6,07/23/2026,65,50,76.9,2
C6,07/24/2026,65,46,70.8,0
C6,07/25/2026,65,34,52.3,3
C6,07/26/2026,65,19,29.2,0
C6,07/27/2026,65,27,41.5,3
C6,07/28/2026,65,39,60.0,5
C6,07/29/2026,65,45,69.2,2
C7,05/31/2026,100,35,35.0,5
C7,06/01/2026,100,43,43.0,2
C7,06/02/2026,100,58,58.0,1
C7,06/03/2026,100,69,69.0,5
C7,06/04/2026,100,74,74.0,4
C7,06/05/2026,100,71,71.0,1
C7,06/06/2026,100,50,50.0,5
C7,06/07/2026,100,33,33.0,3
C7,06/08/2026,100,40,40.0,4
C7,06/09/2026,100,63,63.0,0
C7,06/10/2026,100,73,73.0,0
C7,06/11/2026,100,74,74.0,4
C7,06/12/2026,100,70,70.0,5
C7,06/13/2026,100,47,47.0,3
C7,06/14/2026,100,32,32.0,0
C7,06/15/2026,100,37,37.0,5
C7,06/16/2026,100,61,61.0,5
C7,06/17/2026,100,68,68.0,3
C7,06/18/2026,100,76,76.0,4
C7,06/19/2026,100,71,71.0,4
C7,06/20/2026,100,52,52.0,4
C7,06/21/2026,100,34,34.0,3
C7,06/22/2026,100,41,41.0,3
C7,06/23/2026,100,59,59.0,2
C7,06/24/2026,100,70,70.0,0
C7,06/25/2026,100,73,73.0,0
C7,06/26/2026,100,67,67.0,5
C7,06/27/2026,100,53,53.0,0
C7,06/28/2026,100,36,36.0,5
C7,06/29/2026,100,42,42.0,2
C7,06/30/2026,100,63,63.0,0
C7,07/01/2026,100,69,69.0,3
C7,07/02/2026,100,73,73.0,5
C7,07/03/2026,100,70,70.0,3
C7,07/04/2026,100,51,51.0,1
C7,07/05/2026,100,35,35.0,3
C7,07/06/2026,100,38,38.0,1
C7,07/07/2026,100,60,60.0,1
C7,07/08/2026,100,70,70.0,3
C7,07/09/2026,100,76,76.0,0
C7,07/10/2026,100,70,70.0,2
C7,07/11/2026,100,52,52.0,0
C7,07/12/2026,100,32,32.0,0
C7,07/13/2026,100,41,41.0,3
C7,07/14/2026,100,61,61.0,3
C7,07/15/2026,100,71,71.0,4
C7,07/16/2026,100,77,77.0,2
C7,07/17/2026,100,71,71.0,5
C7,07/18/2026,100,48,48.0,2
C7,07/19/2026,100,36,36.0,0
C7,07/20/2026,100,38,38.0,1
C7,07/21/2026,100,62,62.0,1
C7,07/22/2026,100,69,69.0,4
C7,07/23/2026,100,76,76.0,0
C7,07/24/2026,100,72,72.0,0
C7,07/25/2026,100,48,48.0,0
C7,07/26/2026,100,34,34.0,4
C7,07/27/2026,100,38,38.0,0
C7,07/28/2026,100,62,62.0,2
C7,07/29/2026,100,69,69.0,0
C8,05/31/2026,52,15,28.8,1
C8,06/01/2026,52,17,32.7,2
C8,06/02/2026,52,34,65.4,0
C8,06/03/2026,52,37,71.2,5
C8,06/04/2026,52,39,75.0,0
C8,06/05/2026,52,37,71.2,4
C8,06/06/2026,52,28,53.8,2
C8,06/07/2026,52,19,36.5,4
C8,06/08/2026,52,21,40.4,4
C8,06/09/2026,52,29,55.8,1
C8,06/10/2026,52,35,67.3,0
C8,06/11/2026,52,40,76.9,5
C8,06/12/2026,52,33,63.5,5
C8,06/13/2026,52,23,44.2,2
C8,06/14/2026,52,19,36.5,4
C8,06/15/2026,52,20,38.5,5
C8,06/16/2026,52,28,53.8,0
C8,06/17/2026,52,34,65.4,3
C8,06/18/2026,52,42,80.8,1
C8,06/19/2026,52,34,65.4,1
C8,06/20/2026,52,28,53.8,5
C8,06/21/2026,52,17,32.7,2
C8,06/22/2026,52,18,34.6,3
C8,06/23/2026,52,28,53.8,5
C8,06/24/2026,52,36,69.2,4
C8,06/25/2026,52,41,78.8,5
C8,06/26/2026,52,35,67.3,0
C8,06/27/2026,52,23,44.2,4
C8,06/28/2026,52,19,36.5,5
C8,06/29/2026,52,18,34.6,2
C8,06/30/2026,52,30,57.7,5
C8,07/01/2026,52,36,69.2,1
C8,07/02/2026,52,41,78.8,1
C8,07/03/2026,52,34,65.4,1
C8,07/04/2026,52,28,53.8,2
C8,07/05/2026,52,17,32.7,1
C8,07/06/2026,52,20,38.5,0
C8,07/07/2026,52,33,63.5,0
C8,07/08/2026,52,39,75.0,3
C8,07/09/2026,52,41,78.8,1
C8,07/10/2026,52,35,67.3,0
C8,07/11/2026,52,27,51.9,4
C8,07/12/2026,52,18,34.6,1
C8,07/13/2026,52,17,32.7,1
C8,07/14/2026,52,28,53.8,3
C8,07/15/2026,52,36,69.2,4
C8,07/16/2026,52,37,71.2,5
C8,07/17/2026,52,37,71.2,1
C8,07/18/2026,52,27,51.9,5
C8,07/19/2026,52,17,32.7,2
C8,07/20/2026,52,19,36.5,2
C8,07/21/2026,52,34,65.4,0
C8,07/22/2026,52,39,75.0,2
C8,07/23/2026,52,41,78.8,3
C8,07/24/2026,52,36,69.2,0
C8,07/25/2026,52,25,48.1,2
C8,07/26/2026,52,17,32.7,4
C8,07/27/2026,52,18,34.6,4
C8,07/28/2026,52,29,55.8,2
C8,07/29/2026,52,35,67.3,4
C9,05/31/2026,44,13,29.5,3
C9,06/01/2026,44,15,34.1,4
C9,06/02/2026,44,28,63.6,4
C9,06/03/2026,44,32,72.7,0
C9,06/04/2026,44,34,77.3,0
C9,06/05/2026,44,30,68.2,1
C9,06/06/2026,44,24,54.5,1
C9,06/07/2026,44,12,27.3,5
C9,06/08/2026,44,15,34.1,4
C9,06/09/2026,44,25,56.8,0
C9,06/10/2026,44,28,63.6,0
C9,06/11/2026,44,36,81.8,0
C9,06/12/2026,44,32,72.7,5
C9,06/13/2026,44,21,47.7,4
C9,06/14/2026,44,12,27.3,1
C9,06/15/2026,44,17,38.6,0
C9,06/16/2026,44,23,52.3,2
C9,06/17/2026,44,31,70.5,3
C9,06/18/2026,44,36,81.8,5
C9,06/19/2026,44,32,72.7,1
C9,06/20/2026,44,22,50.0,5
C9,06/21/2026,44,13,29.5,4
C9,06/22/2026,44,15,34.1,5
C9,06/23/2026,44,25,56.8,2
C9,06/24/2026,44,33,75.0,2
C9,06/25/2026,44,36,81.8,5
C9,06/26/2026,44,29,65.9,3
C9,06/27/2026,44,23,52.3,1
C9,06/28/2026,44,13,29.5,5
C9,06/29/2026,44,16,36.4,2
C9,06/30/2026,44,29,65.9,0
C9,07/01/2026,44,33,75.0,4
C9,07/02/2026,44,33,75.0,1
C9,07/03/2026,44,33,75.0,0
C9,07/04/2026,44,19,43.2,5
C9,07/05/2026,44,13,29.5,5
C9,07/06/2026,44,17,38.6,0
C9,07/07/2026,44,23,52.3,4
C9,07/08/2026,44,30,68.2,0
C9,07/09/2026,44,33,75.0,1
C9,07/10/2026,44,29,65.9,0
C9,07/11/2026,44,23,52.3,1
C9,07/12/2026,44,18,40.9,3
C9,07/13/2026,44,20,45.5,5
C9,07/14/2026,44,24,54.5,0
C9,07/15/2026,44,30,68.2,2
C9,07/16/2026,44,31,70.5,0
C9,07/17/2026,44,31,70.5,5
C9,07/18/2026,44,22,50.0,1
C9,07/19/2026,44,13,29.5,2
C9,07/20/2026,44,16,36.4,4
C9,07/21/2026,44,28,63.6,4
C9,07/22/2026,44,27,61.4,0
C9,07/23/2026,44,34,77.3,5
C9,07/24/2026,44,31,70.5,5
C9,07/25/2026,44,24,54.5,3
C9,07/26/2026,44,17,38.6,2
C9,07/27/2026,44,19,43.2,5
C9,07/28/2026,44,28,63.6,0
C9,07/29/2026,44,33,75.0,2
C10,05/31/2026,22,10,45.5,4
C10,06/01/2026,22,8,36.4,5
C10,06/02/2026,22,11,50.0,3
C10,06/03/2026,22,15,68.2,2
C10,06/04/2026,22,16,72.7,5
C10,06/05/2026,22,17,77.3,0
C10,06/06/2026,22,13,59.1,5
C10,06/07/2026,22,6,27.3,5
C10,06/08/2026,22,5,22.7,1
C10,06/09/2026,22,16,72.7,2
C10,06/10/2026,22,13,59.1,2
C10,06/11/2026,22,17,77.3,3
C10,06/12/2026,22,16,72.7,5
C10,06/13/2026,22,9,40.9,5
C10,06/14/2026,22,7,31.8,2
C10,06/15/2026,22,8,36.4,0
C10,06/16/2026,22,13,59.1,0
C10,06/17/2026,22,15,68.2,0
C10,06/18/2026,22,14,63.6,5
C10,06/19/2026,22,17,77.3,4
C10,06/20/2026,22,13,59.1,2
C10,06/21/2026,22,10,45.5,3
C10,06/22/2026,22,9,40.9,2
C10,06/23/2026,22,12,54.5,0
C10,06/24/2026,22,17,77.3,1
C10,06/25/2026,22,14,63.6,4
C10,06/26/2026,22,18,81.8,1
C10,06/27/2026,22,11,50.0,1
C10,06/28/2026,22,8,36.4,1
C10,06/29/2026,22,8,36.4,0
C10,06/30/2026,22,16,72.7,4
C10,07/01/2026,22,12,54.5,0
C10,07/02/2026,22,13,59.1,2
C10,07/03/2026,22,18,81.8,5
C10,07/04/2026,22,14,63.6,2
C10,07/05/2026,22,9,40.9,0
C10,07/06/2026,22,9,40.9,5
C10,07/07/2026,22,13,59.1,3
C10,07/08/2026,22,13,59.1,5
C10,07/09/2026,22,17,77.3,2
C10,07/10/2026,22,12,54.5,1
C10,07/11/2026,22,11,50.0,2
C10,07/12/2026,22,6,27.3,0
C10,07/13/2026,22,10,45.5,3
C10,07/14/2026,22,14,63.6,2
C10,07/15/2026,22,12,54.5,4
C10,07/16/2026,22,18,81.8,3
C10,07/17/2026,22,17,77.3,2
C10,07/18/2026,22,12,54.5,4
C10,07/19/2026,22,8,36.4,2
C10,07/20/2026,22,7,31.8,5
C10,07/21/2026,22,11,50.0,5
C10,07/22/2026,22,15,68.2,0
C10,07/23/2026,22,17,77.3,1
C10,07/24/2026,22,12,54.5,1
C10,07/25/2026,22,14,63.6,5
C10,07/26/2026,22,6,27.3,4
C10,07/27/2026,22,10,45.5,0
C10,07/28/2026,22,16,72.7,0
C10,07/29/2026,22,12,54.5,0
C11,05/31/2026,72,28,38.9,1
C11,06/01/2026,72,30,41.7,4
C11,06/02/2026,72,42,58.3,2
C11,06/03/2026,72,52,72.2,5
C11,06/04/2026,72,53,73.6,2
C11,06/05/2026,72,48,66.7,3
C11,06/06/2026,72,39,54.2,4
C11,06/07/2026,72,22,30.6,3
C11,06/08/2026,72,30,41.7,2
C11,06/09/2026,72,43,59.7,4
C11,06/10/2026,72,52,72.2,0
C11,06/11/2026,72,51,70.8,4
C11,06/12/2026,72,51,70.8,2
C11,06/13/2026,72,39,54.2,0
C11,06/14/2026,72,27,37.5,3
C11,06/15/2026,72,30,41.7,1
C11,06/16/2026,72,41,56.9,4
C11,06/17/2026,72,49,68.1,1
C11,06/18/2026,72,51,70.8,5
C11,06/19/2026,72,52,72.2,4
C11,06/20/2026,72,39,54.2,3
C11,06/21/2026,72,26,36.1,3
C11,06/22/2026,72,31,43.1,4
C11,06/23/2026,72,44,61.1,4
C11,06/24/2026,72,53,73.6,3
C11,06/25/2026,72,54,75.0,4
C11,06/26/2026,72,48,66.7,2
C11,06/27/2026,72,39,54.2,2
C11,06/28/2026,72,24,33.3,3
C11,06/29/2026,72,28,38.9,1
C11,06/30/2026,72,42,58.3,2
C11,07/01/2026,72,51,70.8,3
C11,07/02/2026,72,53,73.6,5
C11,07/03/2026,72,48,66.7,5
C11,07/04/2026,72,38,52.8,1
C11,07/05/2026,72,27,37.5,2
C11,07/06/2026,72,28,38.9,1
C11,07/07/2026,72,44,61.1,5
C11,07/08/2026,72,48,66.7,0
C11,07/09/2026,72,51,70.8,3
C11,07/10/2026,72,49,68.1,3
C11,07/11/2026,72,36,50.0,3
C11,07/12/2026,72,25,34.7,4
C11,07/13/2026,72,29,40.3,1
C11,07/14/2026,72,40,55.6,3
C11,07/15/2026,72,53,73.6,1
C11,07/16/2026,72,51,70.8,5
C11,07/17/2026,72,49,68.1,4
C11,07/18/2026,72,38,52.8,0
C11,07/19/2026,72,27,37.5,2
C11,07/20/2026,72,31,43.1,0
C11,07/21/2026,72,45,62.5,4
C11,07/22/2026,72,51,70.8,1
C11,07/23/2026,72,56,77.8,3
C11,07/24/2026,72,52,72.2,0
C11,07/25/2026,72,33,45.8,5
C11,07/26/2026,72,28,38.9,2
C11,07/27/2026,72,31,43.1,4
C11,07/28/2026,72,46,63.9,0
C11,07/29/2026,72,51,70.8,0
C12,05/31/2026,49,17,34.7,0
C12,06/01/2026,49,20,40.8,1
C12,06/02/2026,49,26,53.1,2
C12,06/03/2026,49,37,75.5,3
C12,06/04/2026,49,33,67.3,1
C12,06/05/2026,49,33,67.3,5
C12,06/06/2026,49,22,44.9,1
C12,06/07/2026,49,16,32.7,1
C12,06/08/2026,49,18,36.7,0
C12,06/09/2026,49,28,57.1,2
C12,06/10/2026,49,34,69.4,2
C12,06/11/2026,49,35,71.4,5
C12,06/12/2026,49,31,63.3,3
C12,06/13/2026,49,26,53.1,4
C12,06/14/2026,49,14,28.6,0
C12,06/15/2026,49,20,40.8,2
C12,06/16/2026,49,31,63.3,1
C12,06/17/2026,49,34,69.4,1
C12,06/18/2026,49,37,75.5,0
C12,06/19/2026,49,37,75.5,0
C12,06/20/2026,49,24,49.0,0
C12,06/21/2026,49,14,28.6,3
C12,06/22/2026,49,21,42.9,5
C12,06/23/2026,49,29,59.2,4
C12,06/24/2026,49,31,63.3,0
C12,06/25/2026,49,37,75.5,5
C12,06/26/2026,49,37,75.5,2
C12,06/27/2026,49,23,46.9,2
C12,06/28/2026,49,19,38.8,5
C12,06/29/2026,49,20,40.8,0
C12,06/30/2026,49,30,61.2,4
C12,07/01/2026,49,36,73.5,2
C12,07/02/2026,49,34,69.4,0
C12,07/03/2026,49,36,73.5,2
C12,07/04/2026,49,27,55.1,1
C12,07/05/2026,49,15,30.6,5
C12,07/06/2026,49,19,38.8,0
C12,07/07/2026,49,27,55.1,5
C12,07/08/2026,49,36,73.5,2
C12,07/09/2026,49,39,79.6,3
C12,07/10/2026,49,31,63.3,4
C12,07/11/2026,49,27,55.1,2
C12,07/12/2026,49,15,30.6,1
C12,07/13/2026,49,18,36.7,5
C12,07/14/2026,49,27,55.1,3
C12,07/15/2026,49,31,63.3,3
C12,07/16/2026,49,34,69.4,4
C12,07/17/2026,49,31,63.3,0
C12,07/18/2026,49,27,55.1,2
C12,07/19/2026,49,20,40.8,2
C12,07/20/2026,49,22,44.9,4
C12,07/21/2026,49,31,63.3,0
C12,07/22/2026,49,37,75.5,4
C12,07/23/2026,49,35,71.4,2
C12,07/24/2026,49,31,63.3,3
C12,07/25/2026,49,27,55.1,1
C12,07/26/2026,49,16,32.7,5
C12,07/27/2026,49,21,42.9,2
C12,07/28/2026,49,29,59.2,3
C12,07/29/2026,49,35,71.4,5
C13,05/31/2026,24,10,41.7,1
C13,06/01/2026,24,12,50.0,1
C13,06/02/2026,24,17,70.8,0
C13,06/03/2026,24,19,79.2,4
C13,06/04/2026,24,17,70.8,4
C13,06/05/2026,24,15,62.5,3
C13,06/06/2026,24,13,54.2,3
C13,06/07/2026,24,6,25.0,1
C13,06/08/2026,24,6,25.0,4
C13,06/09/2026,24,14,58.3,2
C13,06/10/2026,24,14,58.3,1
C13,06/11/2026,24,17,70.8,3
C13,06/12/2026,24,16,66.7,4
C13,06/13/2026,24,13,54.2,5
C13,06/14/2026,24,10,41.7,0
C13,06/15/2026,24,7,29.2,4
C13,06/16/2026,24,14,58.3,2
C13,06/17/2026,24,16,66.7,1
C13,06/18/2026,24,20,83.3,3
C13,06/19/2026,24,13,54.2,1
C13,06/20/2026,24,14,58.3,2
C13,06/21/2026,24,10,41.7,0
C13,06/22/2026,24,7,29.2,2
C13,06/23/2026,24,11,45.8,5
C13,06/24/2026,24,13,54.2,1
C13,06/25/2026,24,19,79.2,0
C13,06/26/2026,24,19,79.2,0
C13,06/27/2026,24,14,58.3,5
C13,06/28/2026,24,7,29.2,5
C13,06/29/2026,24,9,37.5,1
C13,06/30/2026,24,12,50.0,4
C13,07/01/2026,24,17,70.8,1
C13,07/02/2026,24,21,87.5,4
C13,07/03/2026,24,15,62.5,5
C13,07/04/2026,24,10,41.7,4
C13,07/05/2026,24,6,25.0,3
C13,07/06/2026,24,6,25.0,5
C13,07/07/2026,24,12,50.0,0
C13,07/08/2026,24,17,70.8,0
C13,07/09/2026,24,20,83.3,1
C13,07/10/2026,24,16,66.7,4
C13,07/11/2026,24,10,41.7,5
C13,07/12/2026,24,9,37.5,2
C13,07/13/2026,24,6,25.0,5
C13,07/14/2026,24,13,54.2,1
C13,07/15/2026,24,16,66.7,4
C13,07/16/2026,24,15,62.5,4
C13,07/17/2026,24,19,79.2,1
C13,07/18/2026,24,13,54.2,0
C13,07/19/2026,24,6,25.0,4
C13,07/20/2026,24,9,37.5,5
C13,07/21/2026,24,12,50.0,5
C13,07/22/2026,24,14,58.3,3
C13,07/23/2026,24,20,83.3,2
C13,07/24/2026,24,13,54.2,2
C13,07/25/2026,24,13,54.2,3
C13,07/26/2026,24,7,29.2,1
C13,07/27/2026,24,10,41.7,4
C13,07/28/2026,24,13,54.2,2
C13,07/29/2026,24,16,66.7,0
C14,05/31/2026,98,37,37.8,2
C14,06/01/2026,98,41,41.8,1
C14,06/02/2026,98,61,62.2,5
C14,06/03/2026,98,70,71.4,4
C14,06/04/2026,98,70,71.4,1
C14,06/05/2026,98,68,69.4,3
C14,06/06/2026,98,48,49.0,2
C14,06/07/2026,98,34,34.7,2
C14,06/08/2026,98,36,36.7,5
C14,06/09/2026,98,57,58.2,4
C14,06/10/2026,98,67,68.4,1
C14,06/11/2026,98,70,71.4,1
C14,06/12/2026,98,66,67.3,4
C14,06/13/2026,98,46,46.9,0
C14,06/14/2026,98,31,31.6,0
C14,06/15/2026,98,36,36.7,4
C14,06/16/2026,98,57,58.2,1
C14,06/17/2026,98,65,66.3,2
C14,06/18/2026,98,72,73.5,1
C14,06/19/2026,98,69,70.4,3
C14,06/20/2026,98,49,50.0,2
C14,06/21/2026,98,36,36.7,5
C14,06/22/2026,98,37,37.8,3
C14,06/23/2026,98,57,58.2,4
C14,06/24/2026,98,68,69.4,2
C14,06/25/2026,98,72,73.5,0
C14,06/26/2026,98,69,70.4,0
C14,06/27/2026,98,47,48.0,0
C14,06/28/2026,98,37,37.8,0
C14,06/29/2026,98,42,42.9,3
C14,06/30/2026,98,60,61.2,2
C14,07/01/2026,98,71,72.4,4
C14,07/02/2026,98,70,71.4,4
C14,07/03/2026,98,70,71.4,5
C14,07/04/2026,98,46,46.9,1
C14,07/05/2026,98,31,31.6,3
C14,07/06/2026,98,42,42.9,2
C14,07/07/2026,98,56,57.1,0
C14,07/08/2026,98,69,70.4,1
C14,07/09/2026,98,76,77.6,1
C14,07/10/2026,98,71,72.4,0
C14,07/11/2026,98,52,53.1,1
C14,07/12/2026,98,35,35.7,5
C14,07/13/2026,98,37,37.8,5
C14,07/14/2026,98,61,62.2,4
C14,07/15/2026,98,71,72.4,0
C14,07/16/2026,98,72,73.5,1
C14,07/17/2026,98,67,68.4,4
C14,07/18/2026,98,47,48.0,5
C14,07/19/2026,98,34,34.7,2
C14,07/20/2026,98,37,37.8,2
C14,07/21/2026,98,56,57.1,0
C14,07/22/2026,98,70,71.4,2
C14,07/23/2026,98,73,74.5,3
C14,07/24/2026,98,69,70.4,1
C14,07/25/2026,98,48,49.0,4
C14,07/26/2026,98,33,33.7,1
C14,07/27/2026,98,42,42.9,3
C14,07/28/2026,98,61,62.2,0
C14,07/29/2026,98,68,69.4,4
C15,05/31/2026,25,5,20.0,4
C15,06/01/2026,25,8,32.0,0
C15,06/02/2026,25,16,64.0,1
C15,06/03/2026,25,17,68.0,5
C15,06/04/2026,25,16,64.0,2
C15,06/05/2026,25,15,60.0,1
C15,06/06/2026,25,14,56.0,2
C15,06/07/2026,25,11,44.0,4
C15,06/08/2026,25,11,44.0,1
C15,06/09/2026,25,14,56.0,2
C15,06/10/2026,25,20,80.0,5
C15,06/11/2026,25,18,72.0,4
C15,06/12/2026,25,19,76.0,0
C15,06/13/2026,25,13,52.0,5
C15,06/14/2026,25,9,36.0,3
C15,06/15/2026,25,7,28.0,3
C15,06/16/2026,25,18,72.0,0
C15,06/17/2026,25,15,60.0,5
C15,06/18/2026,25,15,60.0,3
C15,06/19/2026,25,18,72.0,0
C15,06/20/2026,25,14,56.0,0
C15,06/21/2026,25,7,28.0,4
C15,06/22/2026,25,12,48.0,5
C15,06/23/2026,25,13,52.0,3
C15,06/24/2026,25,15,60.0,5
C15,06/25/2026,25,19,76.0,0
C15,06/26/2026,25,14,56.0,4
C15,06/27/2026,25,14,56.0,0
C15,06/28/2026,25,11,44.0,0
C15,06/29/2026,25,7,28.0,3
C15,06/30/2026,25,15,60.0,2
C15,07/01/2026,25,15,60.0,4
C15,07/02/2026,25,19,76.0,4
C15,07/03/2026,25,16,64.0,3
C15,07/04/2026,25,14,56.0,5
C15,07/05/2026,25,7,28.0,5
C15,07/06/2026,25,11,44.0,1
C15,07/07/2026,25,12,48.0,3
C15,07/08/2026,25,17,68.0,2
C15,07/09/2026,25,18,72.0,4
C15,07/10/2026,25,20,80.0,5
C15,07/11/2026,25,13,52.0,2
C15,07/12/2026,25,9,36.0,5
C15,07/13/2026,25,8,32.0,2
C15,07/14/2026,25,13,52.0,0
C15,07/15/2026,25,15,60.0,0
C15,07/16/2026,25,15,60.0,1
C15,07/17/2026,25,16,64.0,5
C15,07/18/2026,25,13,52.0,4
C15,07/19/2026,25,10,40.0,0
C15,07/20/2026,25,7,28.0,2
C15,07/21/2026,25,15,60.0,1
C15,07/22/2026,25,14,56.0,4
C15,07/23/2026,25,17,68.0,1
C15,07/24/2026,25,16,64.0,1
C15,07/25/2026,25,10,40.0,5
C15,07/26/2026,25,5,20.0,2
C15,07/27/2026,25,9,36.0,5
C15,07/28/2026,25,16,64.0,4
C15,07/29/2026,25,20,80.0,0
C16,05/31/2026,48,16,33.3,5
C16,06/01/2026,48,20,41.7,1
C16,06/02/2026,48,27,56.2,0
C16,06/03/2026,48,32,66.7,2
C16,06/04/2026,48,36,75.0,4
C16,06/05/2026,48,30,62.5,2
C16,06/06/2026,48,21,43.8,1
C16,06/07/2026,48,16,33.3,1
C16,06/08/2026,48,16,33.3,0
C16,06/09/2026,48,29,60.4,2
C16,06/10/2026,48,32,66.7,1
C16,06/11/2026,48,36,75.0,5
C16,06/12/2026,48,32,66.7,4
C16,06/13/2026,48,22,45.8,1
C16,06/14/2026,48,18,37.5,4
C16,06/15/2026,48,19,39.6,4
C16,06/16/2026,48,28,58.3,4
C16,06/17/2026,48,34,70.8,0
C16,06/18/2026,48,34,70.8,4
C16,06/19/2026,48,35,72.9,4
C16,06/20/2026,48,23,47.9,1
C16,06/21/2026,48,15,31.2,1
C16,06/22/2026,48,18,37.5,4
C16,06/23/2026,48,29,60.4,0
C16,06/24/2026,48,35,72.9,2
C16,06/25/2026,48,36,75.0,0
C16,06/26/2026,48,32,66.7,2
C16,06/27/2026,48,21,43.8,4
C16,06/28/2026,48,15,31.2,4
C16,06/29/2026,48,16,33.3,4
C16,06/30/2026,48,26,54.2,3
C16,07/01/2026,48,36,75.0,2
C16,07/02/2026,48,38,79.2,3
C16,07/03/2026,48,36,75.0,4
C16,07/04/2026,48,23,47.9,4
C16,07/05/2026,48,14,29.2,0
C16,07/06/2026,48,18,37.5,1
C16,07/07/2026,48,26,54.2,2
C16,07/08/2026,48,34,70.8,5
C16,07/09/2026,48,39,81.2,1
C16,07/10/2026,48,33,68.8,1
C16,07/11/2026,48,26,54.2,4
C16,07/12/2026,48,17,35.4,3
C16,07/13/2026,48,22,45.8,1
C16,07/14/2026,48,29,60.4,5
C16,07/15/2026,48,32,66.7,0
C16,07/16/2026,48,33,68.8,0
C16,07/17/2026,48,36,75.0,1
C16,07/18/2026,48,24,50.0,4
C16,07/19/2026,48,15,31.2,5
C16,07/20/2026,48,18,37.5,5
C16,07/21/2026,48,31,64.6,1
C16,07/22/2026,48,30,62.5,1
C16,07/23/2026,48,39,81.2,3
C16,07/24/2026,48,33,68.8,5
C16,07/25/2026,48,25,52.1,4
C16,07/26/2026,48,18,37.5,3
C16,07/27/2026,48,19,39.6,3
C16,07/28/2026,48,26,54.2,3
C16,07/29/2026,48,32,66.7,0
C17,05/31/2026,25,5,20.0,1
C17,06/01/2026,25,12,48.0,0
C17,06/02/2026,25,17,68.0,1
C17,06/03/2026,25,16,64.0,1
C17,06/04/2026,25,16,64.0,5
C17,06/05/2026,25,20,80.0,4
C17,06/06/2026,25,12,48.0,3
C17,06/07/2026,25,7,28.0,2
C17,06/08/2026,25,10,40.0,4
C17,06/09/2026,25,15,60.0,4
C17,06/10/2026,25,16,64.0,0
C17,06/11/2026,25,20,80.0,2
C17,06/12/2026,25,16,64.0,1
C17,06/13/2026,25,15,60.0,1
C17,06/14/2026,25,6,24.0,5
C17,06/15/2026,25,8,32.0,4
C17,06/16/2026,25,15,60.0,0
C17,06/17/2026,25,16,64.0,4
C17,06/18/2026,25,15,60.0,4
C17,06/19/2026,25,18,72.0,2
C17,06/20/2026,25,12,48.0,1
C17,06/21/2026,25,11,44.0,5
C17,06/22/2026,25,10,40.0,5
C17,06/23/2026,25,14,56.0,2
C17,06/24/2026,25,16,64.0,0
C17,06/25/2026,25,20,80.0,3
C17,06/26/2026,25,17,68.0,4
C17,06/27/2026,25,13,52.0,4
C17,06/28/2026,25,7,28.0,3
C17,06/29/2026,25,12,48.0,2
C17,06/30/2026,25,12,48.0,4
C17,07/01/2026,25,16,64.0,2
C17,07/02/2026,25,15,60.0,1
C17,07/03/2026,25,17,68.0,5
C17,07/04/2026,25,15,60.0,1
C17,07/05/2026,25,9,36.0,2
C17,07/06/2026,25,7,28.0,0
C17,07/07/2026,25,15,60.0,1
C17,07/08/2026,25,20,80.0,3
C17,07/09/2026,25,17,68.0,3
C17,07/10/2026,25,19,76.0,0
C17,07/11/2026,25,9,36.0,4
C17,07/12/2026,25,9,36.0,2
C17,07/13/2026,25,12,48.0,1
C17,07/14/2026,25,15,60.0,2
C17,07/15/2026,25,18,72.0,3
C17,07/16/2026,25,19,76.0,3
C17,07/17/2026,25,15,60.0,2
C17,07/18/2026,25,12,48.0,5
C17,07/19/2026,25,11,44.0,0
C17,07/20/2026,25,12,48.0,5
C17,07/21/2026,25,18,72.0,0
C17,07/22/2026,25,19,76.0,3
C17,07/23/2026,25,18,72.0,3
C17,07/24/2026,25,14,56.0,5
C17,07/25/2026,25,9,36.0,3
C17,07/26/2026,25,11,44.0,5
C17,07/27/2026,25,12,48.0,4
C17,07/28/2026,25,16,64.0,1
C17,07/29/2026,25,16,64.0,4
C18,05/31/2026,56,20,35.7,1
C18,06/01/2026,56,24,42.9,1
C18,06/02/2026,56,35,62.5,5
C18,06/03/2026,56,38,67.9,4
C18,06/04/2026,56,39,69.6,0
C18,06/05/2026,56,39,69.6,5
C18,06/06/2026,56,25,44.6,2
C18,06/07/2026,56,21,37.5,2
C18,06/08/2026,56,19,33.9,0
C18,06/09/2026,56,33,58.9,0
C18,06/10/2026,56,41,73.2,5
C18,06/11/2026,56,44,78.6,3
C18,06/12/2026,56,39,69.6,0
C18,06/13/2026,56,26,46.4,1
C18,06/14/2026,56,19,33.9,0
C18,06/15/2026,56,20,35.7,0
C18,06/16/2026,56,30,53.6,0
C18,06/17/2026,56,40,71.4,5
C18,06/18/2026,56,39,69.6,4
C18,06/19/2026,56,39,69.6,1
C18,06/20/2026,56,30,53.6,1
C18,06/21/2026,56,21,37.5,1
C18,06/22/2026,56,24,42.9,1
C18,06/23/2026,56,31,55.4,1
C18,06/24/2026,56,37,66.1,3
C18,06/25/2026,56,39,69.6,2
C18,06/26/2026,56,40,71.4,2
C18,06/27/2026,56,27,48.2,5
C18,06/28/2026,56,16,28.6,5
C18,06/29/2026,56,19,33.9,0
C18,06/30/2026,56,31,55.4,3
C18,07/01/2026,56,37,66.1,3
C18,07/02/2026,56,44,78.6,3
C18,07/03/2026,56,41,73.2,2
C18,07/04/2026,56,31,55.4,2
C18,07/05/2026,56,19,33.9,3
C18,07/06/2026,56,24,42.9,1
C18,07/07/2026,56,35,62.5,1
C18,07/08/2026,56,42,75.0,2
C18,07/09/2026,56,45,80.4,0
C18,07/10/2026,56,39,69.6,1
C18,07/11/2026,56,30,53.6,2
C18,07/12/2026,56,17,30.4,5
C18,07/13/2026,56,22,39.3,3
C18,07/14/2026,56,34,60.7,0
C18,07/15/2026,56,40,71.4,2
C18,07/16/2026,56,40,71.4,2
C18,07/17/2026,56,42,75.0,5
C18,07/18/2026,56,28,50.0,4
C18,07/19/2026,56,20,35.7,4
C18,07/20/2026,56,25,44.6,2
C18,07/21/2026,56,33,58.9,1
C18,07/22/2026,56,41,73.2,1
C18,07/23/2026,56,41,73.2,5
C18,07/24/2026,56,40,71.4,0
C18,07/25/2026,56,27,48.2,2
C18,07/26/2026,56,19,33.9,1
C18,07/27/2026,56,21,37.5,2
C18,07/28/2026,56,34,60.7,4
C18,07/29/2026,56,41,73.2,0
C19,05/31/2026,26,9,34.6,0
C19,06/01/2026,26,12,46.2,4
C19,06/02/2026,26,18,69.2,1
C19,06/03/2026,26,19,73.1,3
C19,06/04/2026,26,20,76.9,3
C19,06/05/2026,26,18,69.2,3
C19,06/06/2026,26,15,57.7,3
C19,06/07/2026,26,9,34.6,1
C19,06/08/2026,26,7,26.9,2
C19,06/09/2026,26,12,46.2,3
C19,06/10/2026,26,16,61.5,4
C19,06/11/2026,26,17,65.4,3
C19,06/12/2026,26,16,61.5,1
C19,06/13/2026,26,13,50.0,5
C19,06/14/2026,26,12,46.2,1
C19,06/15/2026,26,9,34.6,2
C19,06/16/2026,26,13,50.0,5
C19,06/17/2026,26,19,73.1,3
C19,06/18/2026,26,18,69.2,4
C19,06/19/2026,26,16,61.5,4
C19,06/20/2026,26,16,61.5,0
C19,06/21/2026,26,8,30.8,1
C19,06/22/2026,26,10,38.5,5
C19,06/23/2026,26,18,69.2,1
C19,06/24/2026,26,18,69.2,5
C19,06/25/2026,26,21,80.8,1
C19,06/26/2026,26,21,80.8,4
C19,06/27/2026,26,14,53.8,5
C19,06/28/2026,26,10,38.5,0
C19,06/29/2026,26,12,46.2,5
C19,06/30/2026,26,15,57.7,4
C19,07/01/2026,26,21,80.8,5
C19,07/02/2026,26,22,84.6,0
C19,07/03/2026,26,18,69.2,1
C19,07/04/2026,26,16,61.5,5
C19,07/05/2026,26,6,23.1,2
C19,07/06/2026,26,7,26.9,0
C19,07/07/2026,26,15,57.7,1
C19,07/08/2026,26,17,65.4,4
C19,07/09/2026,26,20,76.9,0
C19,07/10/2026,26,18,69.2,3
C19,07/11/2026,26,14,53.8,2
C19,07/12/2026,26,7,26.9,2
C19,07/13/2026,26,12,46.2,5
C19,07/14/2026,26,13,50.0,4
C19,07/15/2026,26,16,61.5,3
C19,07/16/2026,26,21,80.8,0
C19,07/17/2026,26,15,57.7,4
C19,07/18/2026,26,13,50.0,2
C19,07/19/2026,26,9,34.6,0
C19,07/20/2026,26,7,26.9,5
C19,07/21/2026,26,15,57.7,3
C19,07/22/2026,26,15,57.7,2
C19,07/23/2026,26,20,76.9,4
C19,07/24/2026,26,18,69.2,4
C19,07/25/2026,26,10,38.5,0
C19,07/26/2026,26,9,34.6,3
C19,07/27/2026,26,13,50.0,5
C19,07/28/2026,26,15,57.7,2
C19,07/29/2026,26,19,73.1,3
C20,05/31/2026,89,33,37.1,1
C20,06/01/2026,89,32,36.0,4
C20,06/02/2026,89,53,59.6,1
C20,06/03/2026,89,63,70.8,0
C20,06/04/2026,89,69,77.5,2
C20,06/05/2026,89,64,71.9,4
C20,06/06/2026,89,45,50.6,2
C20,06/07/2026,89,32,36.0,0
C20,06/08/2026,89,32,36.0,2
C20,06/09/2026,89,55,61.8,3
C20,06/10/2026,89,60,67.4,3
C20,06/11/2026,89,67,75.3,1
C20,06/12/2026,89,61,68.5,2
C20,06/13/2026,89,46,51.7,1
C20,06/14/2026,89,28,31.5,1
C20,06/15/2026,89,36,40.4,0
C20,06/16/2026,89,56,62.9,2
C20,06/17/2026,89,60,67.4,3
C20,06/18/2026,89,68,76.4,3
C20,06/19/2026,89,65,73.0,5
C20,06/20/2026,89,45,50.6,3
C20,06/21/2026,89,29,32.6,1
C20,06/22/2026,89,35,39.3,1
C20,06/23/2026,89,54,60.7,0
C20,06/24/2026,89,65,73.0,4
C20,06/25/2026,89,68,76.4,4
C20,06/26/2026,89,65,73.0,5
C20,06/27/2026,89,47,52.8,1
C20,06/28/2026,89,28,31.5,1
C20,06/29/2026,89,34,38.2,1
C20,06/30/2026,89,55,61.8,1
C20,07/01/2026,89,60,67.4,0
C20,07/02/2026,89,64,71.9,0
C20,07/03/2026,89,62,69.7,2
C20,07/04/2026,89,41,46.1,5
C20,07/05/2026,89,31,34.8,0
C20,07/06/2026,89,32,36.0,2
C20,07/07/2026,89,56,62.9,5
C20,07/08/2026,89,63,70.8,4
C20,07/09/2026,89,63,70.8,1
C20,07/10/2026,89,64,71.9,3
C20,07/11/2026,89,42,47.2,1
C20,07/12/2026,89,33,37.1,0
C20,07/13/2026,89,32,36.0,0
C20,07/14/2026,89,50,56.2,4
C20,07/15/2026,89,59,66.3,4
C20,07/16/2026,89,67,75.3,0
C20,07/17/2026,89,61,68.5,3
C20,07/18/2026,89,42,47.2,4
C20,07/19/2026,89,33,37.1,5
C20,07/20/2026,89,35,39.3,5
C20,07/21/2026,89,52,58.4,5
C20,07/22/2026,89,60,67.4,1
C20,07/23/2026,89,67,75.3,0
C20,07/24/2026,89,65,73.0,2
C20,07/25/2026,89,45,50.6,2
C20,07/26/2026,89,28,31.5,5
C20,07/27/2026,89,37,41.6,0
C20,07/28/2026,89,54,60.7,0
C20,07/29/2026,89,62,69.7,1
C21,05/31/2026,26,12,46.2,4
C21,06/01/2026,26,9,34.6,3
C21,06/02/2026,26,16,61.5,0
C21,06/03/2026,26,15,57.7,0
C21,06/04/2026,26,16,61.5,2
C21,06/05/2026,26,18,69.2,5
C21,06/06/2026,26,11,42.3,2
C21,06/07/2026,26,8,30.8,5
C21,06/08/2026,26,12,46.2,1
C21,06/09/2026,26,13,50.0,5
C21,06/10/2026,26,15,57.7,2
C21,06/11/2026,26,20,76.9,1
C21,06/12/2026,26,16,61.5,5
C21,06/13/2026,26,13,50.0,4
C21,06/14/2026,26,10,38.5,1
C21,06/15/2026,26,7,26.9,3
C21,06/16/2026,26,16,61.5,1
C21,06/17/2026,26,19,73.1,3
C21,06/18/2026,26,19,73.1,2
C21,06/19/2026,26,21,80.8,5
C21,06/20/2026,26,15,57.7,1
C21,06/21/2026,26,9,34.6,2
C21,06/22/2026,26,9,34.6,4
C21,06/23/2026,26,16,61.5,2
C21,06/24/2026,26,21,80.8,4
C21,06/25/2026,26,19,73.1,0
C21,06/26/2026,26,18,69.2,2
C21,06/27/2026,26,12,46.2,3
C21,06/28/2026,26,10,38.5,4
C21,06/29/2026,26,12,46.2,2
C21,06/30/2026,26,13,50.0,5
C21,07/01/2026,26,19,73.1,3
C21,07/02/2026,26,20,76.9,3
C21,07/03/2026,26,20,76.9,2
C21,07/04/2026,26,14,53.8,3
C21,07/05/2026,26,8,30.8,1
C21,07/06/2026,26,10,38.5,5
C21,07/07/2026,26,13,50.0,1
C21,07/08/2026,26,15,57.7,4
C21,07/09/2026,26,19,73.1,1
C21,07/10/2026,26,15,57.7,5
C21,07/11/2026,26,12,46.2,3
C21,07/12/2026,26,7,26.9,4
C21,07/13/2026,26,13,50.0,0
C21,07/14/2026,26,13,50.0,4
C21,07/15/2026,26,16,61.5,3
C21,07/16/2026,26,19,73.1,3
C21,07/17/2026,26,20,76.9,5
C21,07/18/2026,26,10,38.5,3
C21,07/19/2026,26,10,38.5,1
C21,07/20/2026,26,13,50.0,2
C21,07/21/2026,26,16,61.5,5
C21,07/22/2026,26,20,76.9,4
C21,07/23/2026,26,21,80.8,3
C21,07/24/2026,26,15,57.7,1
C21,07/25/2026,26,10,38.5,1
C21,07/26/2026,26,7,26.9,0
C21,07/27/2026,26,11,42.3,1
C21,07/28/2026,26,12,46.2,1
C21,07/29/2026,26,17,65.4,4
C22,05/31/2026,43,13,30.2,2
C22,06/01/2026,43,17,39.5,3
C22,06/02/2026,43,28,65.1,1
C22,06/03/2026,43,27,62.8,1
C22,06/04/2026,43,31,72.1,3
C22,06/05/2026,43,28,65.1,0
C22,06/06/2026,43,24,55.8,1
C22,06/07/2026,43,16,37.2,0
C22,06/08/2026,43,16,37.2,3
C22,06/09/2026,43,23,53.5,0
C22,06/10/2026,43,33,76.7,4
C22,06/11/2026,43,29,67.4,5
C22,06/12/2026,43,31,72.1,2
C22,06/13/2026,43,21,48.8,2
C22,06/14/2026,43,13,30.2,0
C22,06/15/2026,43,19,44.2,4
C22,06/16/2026,43,26,60.5,0
C22,06/17/2026,43,32,74.4,0
C22,06/18/2026,43,30,69.8,2
C22,06/19/2026,43,33,76.7,4
C22,06/20/2026,43,19,44.2,2
C22,06/21/2026,43,13,30.2,5
C22,06/22/2026,43,18,41.9,0
C22,06/23/2026,43,22,51.2,2
C22,06/24/2026,43,33,76.7,3
C22,06/25/2026,43,34,79.1,2
C22,06/26/2026,43,30,69.8,1
C22,06/27/2026,43,23,53.5,1
C22,06/28/2026,43,18,41.9,4
C22,06/29/2026,43,19,44.2,3
C22,06/30/2026,43,26,60.5,0
C22,07/01/2026,43,30,69.8,2
C22,07/02/2026,43,29,67.4,0
C22,07/03/2026,43,29,67.4,5
C22,07/04/2026,43,18,41.9,3
C22,07/05/2026,43,16,37.2,0
C22,07/06/2026,43,17,39.5,1
C22,07/07/2026,43,25,58.1,4
C22,07/08/2026,43,30,69.8,2
C22,07/09/2026,43,33,76.7,5
C22,07/10/2026,43,28,65.1,2
C22,07/11/2026,43,23,53.5,3
C22,07/12/2026,43,16,37.2,1
C22,07/13/2026,43,16,37.2,5
C22,07/14/2026,43,27,62.8,1
C22,07/15/2026,43,33,76.7,3
C22,07/16/2026,43,30,69.8,5
C22,07/17/2026,43,27,62.8,2
C22,07/18/2026,43,19,44.2,5
C22,07/19/2026,43,15,34.9,5
C22,07/20/2026,43,17,39.5,1
C22,07/21/2026,43,25,58.1,4
C22,07/22/2026,43,31,72.1,4
C22,07/23/2026,43,35,81.4,0
C22,07/24/2026,43,33,76.7,1
C22,07/25/2026,43,23,53.5,5
C22,07/26/2026,43,12,27.9,3
C22,07/27/2026,43,14,32.6,3
C22,07/28/2026,43,25,58.1,2
C22,07/29/2026,43,32,74.4,4
C23,05/31/2026,26,9,34.6,2
C23,06/01/2026,26,12,46.2,4
C23,06/02/2026,26,15,57.7,3
C23,06/03/2026,26,15,57.7,0
C23,06/04/2026,26,21,80.8,4
C23,06/05/2026,26,18,69.2,5
C23,06/06/2026,26,15,57.7,1
C23,06/07/2026,26,12,46.2,0
C23,06/08/2026,26,11,42.3,3
C23,06/09/2026,26,17,65.4,3
C23,06/10/2026,26,16,61.5,4
C23,06/11/2026,26,21,80.8,3
C23,06/12/2026,26,15,57.7,1
C23,06/13/2026,26,14,53.8,1
C23,06/14/2026,26,6,23.1,4
C23,06/15/2026,26,8,30.8,2
C23,06/16/2026,26,12,46.2,0
C23,06/17/2026,26,15,57.7,2
C23,06/18/2026,26,18,69.2,3
C23,06/19/2026,26,20,76.9,1
C23,06/20/2026,26,13,50.0,1
C23,06/21/2026,26,12,46.2,5
C23,06/22/2026,26,9,34.6,5
C23,06/23/2026,26,14,53.8,5
C23,06/24/2026,26,18,69.2,4
C23,06/25/2026,26,19,73.1,1
C23,06/26/2026,26,18,69.2,0
C23,06/27/2026,26,11,42.3,5
C23,06/28/2026,26,7,26.9,4
C23,06/29/2026,26,9,34.6,5
C23,06/30/2026,26,13,50.0,5
C23,07/01/2026,26,20,76.9,5
C23,07/02/2026,26,18,69.2,3
C23,07/03/2026,26,20,76.9,0
C23,07/04/2026,26,16,61.5,4
C23,07/05/2026,26,8,30.8,1
C23,07/06/2026,26,9,34.6,1
C23,07/07/2026,26,14,53.8,1
C23,07/08/2026,26,20,76.9,3
C23,07/09/2026,26,17,65.4,1
C23,07/10/2026,26,15,57.7,1
C23,07/11/2026,26,10,38.5,4
C23,07/12/2026,26,11,42.3,0
C23,07/13/2026,26,10,38.5,5
C23,07/14/2026,26,12,46.2,5
C23,07/15/2026,26,20,76.9,5
C23,07/16/2026,26,20,76.9,3
C23,07/17/2026,26,17,65.4,2
C23,07/18/2026,26,10,38.5,5
C23,07/19/2026,26,6,23.1,4
C23,07/20/2026,26,11,42.3,1
C23,07/21/2026,26,16,61.5,1
C23,07/22/2026,26,18,69.2,0
C23,07/23/2026,26,22,84.6,3
C23,07/24/2026,26,19,73.1,3
C23,07/25/2026,26,13,50.0,3
C23,07/26/2026,26,10,38.5,5
C23,07/27/2026,26,10,38.5,1
C23,07/28/2026,26,16,61.5,3
C23,07/29/2026,26,21,80.8,5
C24,05/31/2026,71,25,35.2,2
C24,06/01/2026,71,30,42.3,1
C24,06/02/2026,71,42,59.2,2
C24,06/03/2026,71,52,73.2,2
C24,06/04/2026,71,54,76.1,2
C24,06/05/2026,71,47,66.2,1
C24,06/06/2026,71,32,45.1,1
C24,06/07/2026,71,26,36.6,2
C24,06/08/2026,71,26,36.6,4
C24,06/09/2026,71,45,63.4,0
C24,06/10/2026,71,52,73.2,2
C24,06/11/2026,71,50,70.4,2
C24,06/12/2026,71,50,70.4,0
C24,06/13/2026,71,35,49.3,5
C24,06/14/2026,71,26,36.6,2
C24,06/15/2026,71,31,43.7,3
C24,06/16/2026,71,39,54.9,3
C24,06/17/2026,71,49,69.0,0
C24,06/18/2026,71,54,76.1,3
C24,06/19/2026,71,49,69.0,4
C24,06/20/2026,71,35,49.3,3
C24,06/21/2026,71,24,33.8,5
C24,06/22/2026,71,31,43.7,1
C24,06/23/2026,71,45,63.4,4
C24,06/24/2026,71,49,69.0,5
C24,06/25/2026,71,54,76.1,2
C24,06/26/2026,71,52,73.2,2
C24,06/27/2026,71,35,49.3,5
C24,06/28/2026,71,26,36.6,4
C24,06/29/2026,71,29,40.8,5
C24,06/30/2026,71,43,60.6,5
C24,07/01/2026,71,52,73.2,1
C24,07/02/2026,71,55,77.5,2
C24,07/03/2026,71,50,70.4,5
C24,07/04/2026,71,37,52.1,4
C24,07/05/2026,71,22,31.0,1
C24,07/06/2026,71,31,43.7,4
C24,07/07/2026,71,39,54.9,4
C24,07/08/2026,71,50,70.4,1
C24,07/09/2026,71,51,71.8,4
C24,07/10/2026,71,50,70.4,4
C24,07/11/2026,71,33,46.5,4
C24,07/12/2026,71,25,35.2,3
C24,07/13/2026,71,25,35.2,2
C24,07/14/2026,71,39,54.9,3
C24,07/15/2026,71,48,67.6,4
C24,07/16/2026,71,53,74.6,4
C24,07/17/2026,71,47,66.2,5
C24,07/18/2026,71,35,49.3,1
C24,07/19/2026,71,24,33.8,3
C24,07/20/2026,71,26,36.6,2
C24,07/21/2026,71,39,54.9,4
C24,07/22/2026,71,49,69.0,4
C24,07/23/2026,71,55,77.5,1
C24,07/24/2026,71,50,70.4,1
C24,07/25/2026,71,36,50.7,0
C24,07/26/2026,71,21,29.6,0
C24,07/27/2026,71,25,35.2,0
C24,07/28/2026,71,39,54.9,1
C24,07/29/2026,71,49,69.0,4
C25,05/31/2026,72,23,31.9,1
C25,06/01/2026,72,26,36.1,3
C25,06/02/2026,72,44,61.1,3
C25,06/03/2026,72,49,68.1,1
C25,06/04/2026,72,53,73.6,5
C25,06/05/2026,72,47,65.3,0
C25,06/06/2026,72,36,50.0,4
C25,06/07/2026,72,24,33.3,4
C25,06/08/2026,72,28,38.9,0
C25,06/09/2026,72,46,63.9,4
C25,06/10/2026,72,51,70.8,0
C25,06/11/2026,72,57,79.2,2
C25,06/12/2026,72,47,65.3,4
C25,06/13/2026,72,35,48.6,2
C25,06/14/2026,72,22,30.6,4
C25,06/15/2026,72,28,38.9,4
C25,06/16/2026,72,41,56.9,5
C25,06/17/2026,72,50,69.4,2
C25,06/18/2026,72,54,75.0,2
C25,06/19/2026,72,53,73.6,2
C25,06/20/2026,72,36,50.0,2
C25,06/21/2026,72,24,33.3,1
C25,06/22/2026,72,29,40.3,4
C25,06/23/2026,72,45,62.5,5
C25,06/24/2026,72,48,66.7,5
C25,06/25/2026,72,57,79.2,3
C25,06/26/2026,72,47,65.3,0
C25,06/27/2026,72,33,45.8,1
C25,06/28/2026,72,28,38.9,1
C25,06/29/2026,72,27,37.5,0
C25,06/30/2026,72,43,59.7,5
C25,07/01/2026,72,50,69.4,5
C25,07/02/2026,72,51,70.8,0
C25,07/03/2026,72,47,65.3,1
C25,07/04/2026,72,39,54.2,5
C25,07/05/2026,72,28,38.9,1
C25,07/06/2026,72,26,36.1,4
C25,07/07/2026,72,43,59.7,3
C25,07/08/2026,72,49,68.1,1
C25,07/09/2026,72,56,77.8,4
C25,07/10/2026,72,51,70.8,3
C25,07/11/2026,72,34,47.2,2
C25,07/12/2026,72,23,31.9,0
C25,07/13/2026,72,26,36.1,0
C25,07/14/2026,72,40,55.6,2
C25,07/15/2026,72,52,72.2,3
C25,07/16/2026,72,52,72.2,0
C25,07/17/2026,72,48,66.7,5
C25,07/18/2026,72,36,50.0,5
C25,07/19/2026,72,25,34.7,4
C25,07/20/2026,72,28,38.9,2
C25,07/21/2026,72,45,62.5,0
C25,07/22/2026,72,51,70.8,2
C25,07/23/2026,72,52,72.2,5
C25,07/24/2026,72,53,73.6,0
C25,07/25/2026,72,36,50.0,0
C25,07/26/2026,72,28,38.9,1
C25,07/27/2026,72,29,40.3,4
C25,07/28/2026,72,45,62.5,4
C25,07/29/2026,72,52,72.2,5
C26,05/31/2026,27,11,40.7,3
C26,06/01/2026,27,9,33.3,5
C26,06/02/2026,27,18,66.7,2
C26,06/03/2026,27,15,55.6,5
C26,06/04/2026,27,20,74.1,4
C26,06/05/2026,27,19,70.4,1
C26,06/06/2026,27,11,40.7,4
C26,06/07/2026,27,10,37.0,3
C26,06/08/2026,27,9,33.3,1
C26,06/09/2026,27,19,70.4,2
C26,06/10/2026,27,21,77.8,3
C26,06/11/2026,27,21,77.8,5
C26,06/12/2026,27,17,63.0,4
C26,06/13/2026,27,14,51.9,0
C26,06/14/2026,27,8,29.6,5
C26,06/15/2026,27,9,33.3,4
C26,06/16/2026,27,18,66.7,3
C26,06/17/2026,27,21,77.8,0
C26,06/18/2026,27,21,77.8,1
C26,06/19/2026,27,16,59.3,0
C26,06/20/2026,27,13,48.1,4
C26,06/21/2026,27,8,29.6,0
C26,06/22/2026,27,10,37.0,2
C26,06/23/2026,27,14,51.9,1
C26,06/24/2026,27,17,63.0,0
C26,06/25/2026,27,18,66.7,4
C26,06/26/2026,27,20,74.1,2
C26,06/27/2026,27,12,44.4,1
C26,06/28/2026,27,6,22.2,4
C26,06/29/2026,27,7,25.9,3
C26,06/30/2026,27,16,59.3,5
C26,07/01/2026,27,16,59.3,1
C26,07/02/2026,27,18,66.7,5
C26,07/03/2026,27,18,66.7,0
C26,07/04/2026,27,15,55.6,5
C26,07/05/2026,27,6,22.2,1
C26,07/06/2026,27,11,40.7,0
C26,07/07/2026,27,16,59.3,2
C26,07/08/2026,27,17,63.0,5
C26,07/09/2026,27,19,70.4,4
C26,07/10/2026,27,16,59.3,3
C26,07/11/2026,27,16,59.3,4
C26,07/12/2026,27,9,33.3,3
C26,07/13/2026,27,8,29.6,5
C26,07/14/2026,27,15,55.6,1
C26,07/15/2026,27,19,70.4,5
C26,07/16/2026,27,21,77.8,5
C26,07/17/2026,27,21,77.8,4
C26,07/18/2026,27,11,40.7,5
C26,07/19/2026,27,11,40.7,3
C26,07/20/2026,27,10,37.0,0
C26,07/21/2026,27,17,63.0,3
C26,07/22/2026,27,15,55.6,3
C26,07/23/2026,27,21,77.8,5
C26,07/24/2026,27,17,63.0,4
C26,07/25/2026,27,11,40.7,3
C26,07/26/2026,27,9,33.3,5
C26,07/27/2026,27,8,29.6,5
C26,07/28/2026,27,14,51.9,2
C26,07/29/2026,27,21,77.8,3
C27,05/31/2026,22,4,18.2,5
C27,06/01/2026,22,7,31.8,5
C27,06/02/2026,22,14,63.6,3
C27,06/03/2026,22,17,77.3,1
C27,06/04/2026,22,18,81.8,4
C27,06/05/2026,22,18,81.8,3
C27,06/06/2026,22,10,45.5,4
C27,06/07/2026,22,7,31.8,5
C27,06/08/2026,22,11,50.0,0
C27,06/09/2026,22,16,72.7,0
C27,06/10/2026,22,13,59.1,3
C27,06/11/2026,22,13,59.1,2
C27,06/12/2026,22,15,68.2,2
C27,06/13/2026,22,14,63.6,2
C27,06/14/2026,22,4,18.2,3
C27,06/15/2026,22,10,45.5,4
C27,06/16/2026,22,10,45.5,0
C27,06/17/2026,22,17,77.3,3
C27,06/18/2026,22,16,72.7,2
C27,06/19/2026,22,18,81.8,5
C27,06/20/2026,22,14,63.6,5
C27,06/21/2026,22,7,31.8,2
C27,06/22/2026,22,11,50.0,0
C27,06/23/2026,22,11,50.0,4
C27,06/24/2026,22,12,54.5,3
C27,06/25/2026,22,17,77.3,1
C27,06/26/2026,22,13,59.1,2
C27,06/27/2026,22,12,54.5,2
C27,06/28/2026,22,4,18.2,5
C27,06/29/2026,22,10,45.5,5
C27,06/30/2026,22,14,63.6,5
C27,07/01/2026,22,12,54.5,2
C27,07/02/2026,22,17,77.3,2
C27,07/03/2026,22,16,72.7,2
C27,07/04/2026,22,9,40.9,2
C27,07/05/2026,22,9,40.9,1
C27,07/06/2026,22,7,31.8,4
C27,07/07/2026,22,14,63.6,4
C27,07/08/2026,22,15,68.2,0
C27,07/09/2026,22,17,77.3,1
C27,07/10/2026,22,16,72.7,3
C27,07/11/2026,22,13,59.1,1
C27,07/12/2026,22,7,31.8,5
C27,07/13/2026,22,11,50.0,1
C27,07/14/2026,22,12,54.5,0
C27,07/15/2026,22,12,54.5,3
C27,07/16/2026,22,18,81.8,0
C27,07/17/2026,22,17,77.3,5
C27,07/18/2026,22,11,50.0,3
C27,07/19/2026,22,7,31.8,0
C27,07/20/2026,22,11,50.0,3
C27,07/21/2026,22,10,45.5,3
C27,07/22/2026,22,16,72.7,5
C27,07/23/2026,22,16,72.7,1
C27,07/24/2026,22,17,77.3,5
C27,07/25/2026,22,11,50.0,2
C27,07/26/2026,22,10,45.5,3
C27,07/27/2026,22,10,45.5,1
C27,07/28/2026,22,15,68.2,1
C27,07/29/2026,22,12,54.5,4
C28,05/31/2026,45,15,33.3,0
C28,06/01/2026,45,19,42.2,3
C28,06/02/2026,45,26,57.8,3
C28,06/03/2026,45,29,64.4,1
C28,06/04/2026,45,32,71.1,0
C28,06/05/2026,45,32,71.1,3
C28,06/06/2026,45,20,44.4,0
C28,06/07/2026,45,14,31.1,5
C28,06/08/2026,45,21,46.7,1
C28,06/09/2026,45,26,57.8,3
C28,06/10/2026,45,34,75.6,4
C28,06/11/2026,45,31,68.9,1
C28,06/12/2026,45,31,68.9,5
C28,06/13/2026,45,19,42.2,4
C28,06/14/2026,45,13,28.9,4
C28,06/15/2026,45,16,35.6,4
C28,06/16/2026,45,26,57.8,1
C28,06/17/2026,45,32,71.1,0
C28,06/18/2026,45,32,71.1,2
C28,06/19/2026,45,28,62.2,4
C28,06/20/2026,45,22,48.9,0
C28,06/21/2026,45,16,35.6,0
C28,06/22/2026,45,15,33.3,1
C28,06/23/2026,45,28,62.2,3
C28,06/24/2026,45,34,75.6,1
C28,06/25/2026,45,30,66.7,5
C28,06/26/2026,45,34,75.6,0
C28,06/27/2026,45,19,42.2,4
C28,06/28/2026,45,16,35.6,1
C28,06/29/2026,45,18,40.0,1
C28,06/30/2026,45,26,57.8,0
C28,07/01/2026,45,34,75.6,5
C28,07/02/2026,45,30,66.7,0
C28,07/03/2026,45,29,64.4,5
C28,07/04/2026,45,24,53.3,5
C28,07/05/2026,45,13,28.9,0
C28,07/06/2026,45,16,35.6,4
C28,07/07/2026,45,28,62.2,1
C28,07/08/2026,45,33,73.3,0
C28,07/09/2026,45,31,68.9,1
C28,07/10/2026,45,29,64.4,2
C28,07/11/2026,45,23,51.1,5
C28,07/12/2026,45,15,33.3,5
C28,07/13/2026,45,18,40.0,2
C28,07/14/2026,45,25,55.6,2
C28,07/15/2026,45,30,66.7,0
C28,07/16/2026,45,36,80.0,4
C28,07/17/2026,45,31,68.9,1
C28,07/18/2026,45,25,55.6,3
C28,07/19/2026,45,17,37.8,3
C28,07/20/2026,45,20,44.4,4
C28,07/21/2026,45,30,66.7,5
C28,07/22/2026,45,31,68.9,3
C28,07/23/2026,45,35,77.8,2
C28,07/24/2026,45,32,71.1,0
C28,07/25/2026,45,20,44.4,3
C28,07/26/2026,45,13,28.9,0
C28,07/27/2026,45,21,46.7,1
C28,07/28/2026,45,24,53.3,5
C28,07/29/2026,45,30,66.7,3
C29,05/31/2026,20,5,25.0,3
C29,06/01/2026,20,7,35.0,5
C29,06/02/2026,20,15,75.0,3
C29,06/03/2026,20,17,85.0,0
C29,06/04/2026,20,14,70.0,1
C29,06/05/2026,20,13,65.0,2
C29,06/06/2026,20,11,55.0,2
C29,06/07/2026,20,6,30.0,3
C29,06/08/2026,20,6,30.0,3
C29,06/09/2026,20,12,60.0,0
C29,06/10/2026,20,14,70.0,4
C29,06/11/2026,20,16,80.0,0
C29,06/12/2026,20,17,85.0,5
C29,06/13/2026,20,8,40.0,1
C29,06/14/2026,20,7,35.0,3
C29,06/15/2026,20,10,50.0,3
C29,06/16/2026,20,10,50.0,2
C29,06/17/2026,20,15,75.0,2
C29,06/18/2026,20,14,70.0,1
C29,06/19/2026,20,13,65.0,5
C29,06/20/2026,20,7,35.0,3
C29,06/21/2026,20,4,20.0,4
C29,06/22/2026,20,8,40.0,2
C29,06/23/2026,20,13,65.0,3
C29,06/24/2026,20,16,80.0,5
C29,06/25/2026,20,17,85.0,5
C29,06/26/2026,20,13,65.0,0
C29,06/27/2026,20,10,50.0,2
C29,06/28/2026,20,9,45.0,0
C29,06/29/2026,20,11,55.0,4
C29,06/30/2026,20,15,75.0,4
C29,07/01/2026,20,15,75.0,5
C29,07/02/2026,20,16,80.0,1
C29,07/03/2026,20,14,70.0,3
C29,07/04/2026,20,12,60.0,1
C29,07/05/2026,20,10,50.0,2
C29,07/06/2026,20,11,55.0,2
C29,07/07/2026,20,13,65.0,0
C29,07/08/2026,20,13,65.0,0
C29,07/09/2026,20,15,75.0,0
C29,07/10/2026,20,14,70.0,1
C29,07/11/2026,20,8,40.0,5
C29,07/12/2026,20,9,45.0,4
C29,07/13/2026,20,7,35.0,4
C29,07/14/2026,20,12,60.0,4
C29,07/15/2026,20,11,55.0,3
C29,07/16/2026,20,17,85.0,1
C29,07/17/2026,20,16,80.0,2
C29,07/18/2026,20,10,50.0,3
C29,07/19/2026,20,4,20.0,2
C29,07/20/2026,20,6,30.0,3
C29,07/21/2026,20,12,60.0,0
C29,07/22/2026,20,15,75.0,1
C29,07/23/2026,20,17,85.0,2
C29,07/24/2026,20,14,70.0,3
C29,07/25/2026,20,12,60.0,1
C29,07/26/2026,20,8,40.0,3
C29,07/27/2026,20,6,30.0,5
C29,07/28/2026,20,9,45.0,4
C29,07/29/2026,20,13,65.0,3
C30,05/31/2026,21,4,19.0,2
C30,06/01/2026,21,11,52.4,1
C30,06/02/2026,21,10,47.6,2
C30,06/03/2026,21,11,52.4,5
C30,06/04/2026,21,12,57.1,4
C30,06/05/2026,21,14,66.7,2
C30,06/06/2026,21,12,57.1,2
C30,06/07/2026,21,6,28.6,0
C30,06/08/2026,21,8,38.1,4
C30,06/09/2026,21,10,47.6,1
C30,06/10/2026,21,13,61.9,3
C30,06/11/2026,21,18,85.7,5
C30,06/12/2026,21,11,52.4,3
C30,06/13/2026,21,10,47.6,0
C30,06/14/2026,21,10,47.6,2
C30,06/15/2026,21,8,38.1,1
C30,06/16/2026,21,9,42.9,5
C30,06/17/2026,21,17,81.0,4
C30,06/18/2026,21,14,66.7,0
C30,06/19/2026,21,15,71.4,4
C30,06/20/2026,21,12,57.1,3
C30,06/21/2026,21,9,42.9,3
C30,06/22/2026,21,8,38.1,0
C30,06/23/2026,21,15,71.4,0
C30,06/24/2026,21,13,61.9,3
C30,06/25/2026,21,16,76.2,1
C30,06/26/2026,21,13,61.9,0
C30,06/27/2026,21,12,57.1,2
C30,06/28/2026,21,6,28.6,2
C30,06/29/2026,21,7,33.3,1
C30,06/30/2026,21,14,66.7,5
C30,07/01/2026,21,16,76.2,3
C30,07/02/2026,21,16,76.2,5
C30,07/03/2026,21,13,61.9,2
C30,07/04/2026,21,12,57.1,5
C30,07/05/2026,21,6,28.6,3
C30,07/06/2026,21,5,23.8,0
C30,07/07/2026,21,14,66.7,1
C30,07/08/2026,21,16,76.2,5
C30,07/09/2026,21,12,57.1,2
C30,07/10/2026,21,16,76.2,2
C30,07/11/2026,21,9,42.9,1
C30,07/12/2026,21,6,28.6,0
C30,07/13/2026,21,8,38.1,3
C30,07/14/2026,21,13,61.9,5
C30,07/15/2026,21,17,81.0,0
C30,07/16/2026,21,14,66.7,3
C30,07/17/2026,21,17,81.0,0
C30,07/18/2026,21,10,47.6,2
C30,07/19/2026,21,10,47.6,3
C30,07/20/2026,21,10,47.6,5
C30,07/21/2026,21,13,61.9,4
C30,07/22/2026,21,14,66.7,0
C30,07/23/2026,21,17,81.0,0
C30,07/24/2026,21,11,52.4,3
C30,07/25/2026,21,7,33.3,5
C30,07/26/2026,21,6,28.6,4
C30,07/27/2026,21,7,33.3,0
C30,07/28/2026,21,11,52.4,5
C30,07/29/2026,21,16,76.2,0
C31,05/31/2026,43,14,32.6,3
C31,06/01/2026,43,17,39.5,1
C31,06/02/2026,43,22,51.2,4
C31,06/03/2026,43,32,74.4,5
C31,06/04/2026,43,29,67.4,4
C31,06/05/2026,43,32,74.4,0
C31,06/06/2026,43,23,53.5,3
C31,06/07/2026,43,14,32.6,2
C31,06/08/2026,43,19,44.2,1
C31,06/09/2026,43,26,60.5,4
C31,06/10/2026,43,31,72.1,3
C31,06/11/2026,43,33,76.7,2
C31,06/12/2026,43,30,69.8,0
C31,06/13/2026,43,22,51.2,4
C31,06/14/2026,43,12,27.9,4
C31,06/15/2026,43,14,32.6,3
C31,06/16/2026,43,24,55.8,0
C31,06/17/2026,43,28,65.1,0
C31,06/18/2026,43,33,76.7,3
C31,06/19/2026,43,32,74.4,3
C31,06/20/2026,43,23,53.5,0
C31,06/21/2026,43,14,32.6,1
C31,06/22/2026,43,17,39.5,4
C31,06/23/2026,43,27,62.8,4
C31,06/24/2026,43,29,67.4,5
C31,06/25/2026,43,32,74.4,0
C31,06/26/2026,43,31,72.1,2
C31,06/27/2026,43,21,48.8,3
C31,06/28/2026,43,15,34.9,3
C31,06/29/2026,43,19,44.2,3
C31,06/30/2026,43,26,60.5,2
C31,07/01/2026,43,32,74.4,3
C31,07/02/2026,43,30,69.8,1
C31,07/03/2026,43,29,67.4,0
C31,07/04/2026,43,18,41.9,5
C31,07/05/2026,43,17,39.5,5
C31,07/06/2026,43,14,32.6,1
C31,07/07/2026,43,22,51.2,4
C31,07/08/2026,43,30,69.8,5
C31,07/09/2026,43,30,69.8,2
C31,07/10/2026,43,29,67.4,3
C31,07/11/2026,43,19,44.2,0
C31,07/12/2026,43,12,27.9,4
C31,07/13/2026,43,18,41.9,0
C31,07/14/2026,43,24,55.8,5
C31,07/15/2026,43,29,67.4,4
C31,07/16/2026,43,32,74.4,0
C31,07/17/2026,43,31,72.1,4
C31,07/18/2026,43,23,53.5,0
C31,07/19/2026,43,17,39.5,0
C31,07/20/2026,43,19,44.2,2
C31,07/21/2026,43,25,58.1,3
C31,07/22/2026,43,27,62.8,1
C31,07/23/2026,43,35,81.4,4
C31,07/24/2026,43,31,72.1,0
C31,07/25/2026,43,23,53.5,1
C31,07/26/2026,43,14,32.6,5
C31,07/27/2026,43,19,44.2,0
C31,07/28/2026,43,22,51.2,4
C31,07/29/2026,43,27,62.8,0
C32,05/31/2026,56,20,35.7,2
C32,06/01/2026,56,21,37.5,0
C32,06/02/2026,56,36,64.3,4
C32,06/03/2026,56,38,67.9,5
C32,06/04/2026,56,41,73.2,2
C32,06/05/2026,56,40,71.4,5
C32,06/06/2026,56,29,51.8,0
C32,06/07/2026,56,19,33.9,2
C32,06/08/2026,56,22,39.3,4
C32,06/09/2026,56,34,60.7,4
C32,06/10/2026,56,39,69.6,4
C32,06/11/2026,56,39,69.6,4
C32,06/12/2026,56,37,66.1,3
C32,06/13/2026,56,26,46.4,4
C32,06/14/2026,56,16,28.6,2
C32,06/15/2026,56,24,42.9,5
C32,06/16/2026,56,34,60.7,0
C32,06/17/2026,56,42,75.0,3
C32,06/18/2026,56,40,71.4,1
C32,06/19/2026,56,37,66.1,3
C32,06/20/2026,56,30,53.6,0
C32,06/21/2026,56,22,39.3,3
C32,06/22/2026,56,20,35.7,4
C32,06/23/2026,56,32,57.1,3
C32,06/24/2026,56,39,69.6,0
C32,06/25/2026,56,39,69.6,3
C32,06/26/2026,56,37,66.1,2
C32,06/27/2026,56,31,55.4,0
C32,06/28/2026,56,22,39.3,1
C32,06/29/2026,56,25,44.6,4
C32,06/30/2026,56,30,53.6,1
C32,07/01/2026,56,37,66.1,2
C32,07/02/2026,56,41,73.2,4
C32,07/03/2026,56,37,66.1,5
C32,07/04/2026,56,26,46.4,2
C32,07/05/2026,56,21,37.5,0
C32,07/06/2026,56,19,33.9,3
C32,07/07/2026,56,32,57.1,3
C32,07/08/2026,56,41,73.2,2
C32,07/09/2026,56,43,76.8,1
C32,07/10/2026,56,40,71.4,5
C32,07/11/2026,56,27,48.2,5
C32,07/12/2026,56,17,30.4,0
C32,07/13/2026,56,19,33.9,5
C32,07/14/2026,56,33,58.9,2
C32,07/15/2026,56,38,67.9,0
C32,07/16/2026,56,45,80.4,4
C32,07/17/2026,56,42,75.0,1
C32,07/18/2026,56,29,51.8,4
C32,07/19/2026,56,21,37.5,0
C32,07/20/2026,56,25,44.6,0
C32,07/21/2026,56,36,64.3,0
C32,07/22/2026,56,41,73.2,3
C32,07/23/2026,56,43,76.8,5
C32,07/24/2026,56,38,67.9,1
C32,07/25/2026,56,28,50.0,2
C32,07/26/2026,56,20,35.7,0
C32,07/27/2026,56,23,41.1,5
C32,07/28/2026,56,31,55.4,5
C32,07/29/2026,56,39,69.6,3
C33,05/31/2026,73,24,32.9,2
C33,06/01/2026,73,29,39.7,3
C33,06/02/2026,73,46,63.0,0
C33,06/03/2026,73,54,74.0,2
C33,06/04/2026,73,52,71.2,2
C33,06/05/2026,73,48,65.8,5
C33,06/06/2026,73,36,49.3,3
C33,06/07/2026,73,22,30.1,1
C33,06/08/2026,73,29,39.7,4
C33,06/09/2026,73,46,63.0,3
C33,06/10/2026,73,52,71.2,0
C33,06/11/2026,73,51,69.9,3
C33,06/12/2026,73,50,68.5,4
C33,06/13/2026,73,34,46.6,3
C33,06/14/2026,73,23,31.5,3
C33,06/15/2026,73,28,38.4,2
C33,06/16/2026,73,46,63.0,2
C33,06/17/2026,73,53,72.6,2
C33,06/18/2026,73,51,69.9,0
C33,06/19/2026,73,53,72.6,4
C33,06/20/2026,73,34,46.6,3
C33,06/21/2026,73,25,34.2,5
C33,06/22/2026,73,26,35.6,3
C33,06/23/2026,73,40,54.8,4
C33,06/24/2026,73,49,67.1,4
C33,06/25/2026,73,56,76.7,2
C33,06/26/2026,73,50,68.5,2
C33,06/27/2026,73,37,50.7,3
C33,06/28/2026,73,23,31.5,2
C33,06/29/2026,73,31,42.5,5
C33,06/30/2026,73,42,57.5,2
C33,07/01/2026,73,49,67.1,2
C33,07/02/2026,73,52,71.2,5
C33,07/03/2026,73,50,68.5,4
C33,07/04/2026,73,39,53.4,4
C33,07/05/2026,73,27,37.0,1
C33,07/06/2026,73,30,41.1,1
C33,07/07/2026,73,44,60.3,4
C33,07/08/2026,73,49,67.1,3
C33,07/09/2026,73,55,75.3,2
C33,07/10/2026,73,54,74.0,5
C33,07/11/2026,73,36,49.3,1
C33,07/12/2026,73,25,34.2,0
C33,07/13/2026,73,26,35.6,4
C33,07/14/2026,73,44,60.3,2
C33,07/15/2026,73,54,74.0,5
C33,07/16/2026,73,54,74.0,0
C33,07/17/2026,73,52,71.2,5
C33,07/18/2026,73,36,49.3,4
C33,07/19/2026,73,26,35.6,0
C33,07/20/2026,73,26,35.6,4
C33,07/21/2026,73,41,56.2,4
C33,07/22/2026,73,53,72.6,4
C33,07/23/2026,73,53,72.6,2
C33,07/24/2026,73,50,68.5,1
C33,07/25/2026,73,34,46.6,4
C33,07/26/2026,73,24,32.9,1
C33,07/27/2026,73,26,35.6,4
C33,07/28/2026,73,45,61.6,3
C33,07/29/2026,73,52,71.2,3
C34,05/31/2026,50,20,40.0,3
C34,06/01/2026,50,19,38.0,0
C34,06/02/2026,50,30,60.0,4
C34,06/03/2026,50,34,68.0,4
C34,06/04/2026,50,40,80.0,1
C34,06/05/2026,50,34,68.0,3
C34,06/06/2026,50,24,48.0,4
C34,06/07/2026,50,14,28.0,2
C34,06/08/2026,50,20,40.0,1
C34,06/09/2026,50,32,64.0,0
C34,06/10/2026,50,33,66.0,2
C34,06/11/2026,50,38,76.0,4
C34,06/12/2026,50,35,70.0,4
C34,06/13/2026,50,22,44.0,4
C34,06/14/2026,50,17,34.0,5
C34,06/15/2026,50,19,38.0,2
C34,06/16/2026,50,31,62.0,1
C34,06/17/2026,50,34,68.0,5
C34,06/18/2026,50,38,76.0,3
C34,06/19/2026,50,37,74.0,4
C34,06/20/2026,50,27,54.0,2
C34,06/21/2026,50,20,40.0,3
C34,06/22/2026,50,21,42.0,0
C34,06/23/2026,50,30,60.0,0
C34,06/24/2026,50,37,74.0,1
C34,06/25/2026,50,37,74.0,5
C34,06/26/2026,50,32,64.0,2
C34,06/27/2026,50,24,48.0,1
C34,06/28/2026,50,17,34.0,3
C34,06/29/2026,50,20,40.0,5
C34,06/30/2026,50,33,66.0,1
C34,07/01/2026,50,35,70.0,5
C34,07/02/2026,50,36,72.0,0
C34,07/03/2026,50,37,74.0,2
C34,07/04/2026,50,24,48.0,0
C34,07/05/2026,50,16,32.0,1
C34,07/06/2026,50,17,34.0,2
C34,07/07/2026,50,31,62.0,5
C34,07/08/2026,50,34,68.0,1
C34,07/09/2026,50,37,74.0,2
C34,07/10/2026,50,38,76.0,3
C34,07/11/2026,50,28,56.0,4
C34,07/12/2026,50,16,32.0,0
C34,07/13/2026,50,20,40.0,4
C34,07/14/2026,50,27,54.0,0
C34,07/15/2026,50,32,64.0,0
C34,07/16/2026,50,36,72.0,5
C34,07/17/2026,50,34,68.0,2
C34,07/18/2026,50,26,52.0,4
C34,07/19/2026,50,20,40.0,5
C34,07/20/2026,50,21,42.0,1
C34,07/21/2026,50,32,64.0,4
C34,07/22/2026,50,37,74.0,2
C34,07/23/2026,50,36,72.0,5
C34,07/24/2026,50,33,66.0,1
C34,07/25/2026,50,27,54.0,4
C34,07/26/2026,50,17,34.0,1
C34,07/27/2026,50,17,34.0,2
C34,07/28/2026,50,32,64.0,0
C34,07/29/2026,50,37,74.0,2
C35,05/31/2026,22,5,22.7,1
C35,06/01/2026,22,5,22.7,5
C35,06/02/2026,22,16,72.7,2
C35,06/03/2026,22,12,54.5,3
C35,06/04/2026,22,13,59.1,4
C35,06/05/2026,22,12,54.5,4
C35,06/06/2026,22,12,54.5,4
C35,06/07/2026,22,7,31.8,0
C35,06/08/2026,22,11,50.0,0
C35,06/09/2026,22,13,59.1,2
C35,06/10/2026,22,13,59.1,0
C35,06/11/2026,22,14,63.6,5
C35,06/12/2026,22,17,77.3,3
C35,06/13/2026,22,13,59.1,5
C35,06/14/2026,22,6,27.3,2
C35,06/15/2026,22,7,31.8,5
C35,06/16/2026,22,13,59.1,4
C35,06/17/2026,22,16,72.7,1
C35,06/18/2026,22,17,77.3,4
C35,06/19/2026,22,14,63.6,2
C35,06/20/2026,22,13,59.1,1
C35,06/21/2026,22,4,18.2,1
C35,06/22/2026,22,6,27.3,3
C35,06/23/2026,22,15,68.2,3
C35,06/24/2026,22,13,59.1,1
C35,06/25/2026,22,14,63.6,4
C35,06/26/2026,22,18,81.8,3
C35,06/27/2026,22,9,40.9,2
C35,06/28/2026,22,10,45.5,5
C35,06/29/2026,22,10,45.5,2
C35,06/30/2026,22,15,68.2,4
C35,07/01/2026,22,18,81.8,4
C35,07/02/2026,22,19,86.4,0
C35,07/03/2026,22,12,54.5,0
C35,07/04/2026,22,13,59.1,4
C35,07/05/2026,22,8,36.4,4
C35,07/06/2026,22,7,31.8,4
C35,07/07/2026,22,12,54.5,0
C35,07/08/2026,22,12,54.5,5
C35,07/09/2026,22,19,86.4,0
C35,07/10/2026,22,18,81.8,5
C35,07/11/2026,22,9,40.9,1
C35,07/12/2026,22,7,31.8,5
C35,07/13/2026,22,8,36.4,3
C35,07/14/2026,22,11,50.0,5
C35,07/15/2026,22,13,59.1,3
C35,07/16/2026,22,18,81.8,3
C35,07/17/2026,22,16,72.7,5
C35,07/18/2026,22,13,59.1,3
C35,07/19/2026,22,8,36.4,2
C35,07/20/2026,22,11,50.0,1
C35,07/21/2026,22,13,59.1,5
C35,07/22/2026,22,13,59.1,1
C35,07/23/2026,22,14,63.6,2
C35,07/24/2026,22,12,54.5,3
C35,07/25/2026,22,8,36.4,0
C35,07/26/2026,22,10,45.5,0
C35,07/27/2026,22,6,27.3,4
C35,07/28/2026,22,11,50.0,1
C35,07/29/2026,22,17,77.3,5
C36,05/31/2026,56,22,39.3,1
C36,06/01/2026,56,19,33.9,5
C36,06/02/2026,56,34,60.7,3
C36,06/03/2026,56,36,64.3,4
C36,06/04/2026,56,42,75.0,2
C36,06/05/2026,56,36,64.3,0
C36,06/06/2026,56,27,48.2,2
C36,06/07/2026,56,16,28.6,2
C36,06/08/2026,56,20,35.7,3
C36,06/09/2026,56,33,58.9,3
C36,06/10/2026,56,37,66.1,2
C36,06/11/2026,56,43,76.8,2
C36,06/12/2026,56,36,64.3,5
C36,06/13/2026,56,28,50.0,2
C36,06/14/2026,56,20,35.7,0
C36,06/15/2026,56,20,35.7,1
C36,06/16/2026,56,34,60.7,0
C36,06/17/2026,56,39,69.6,2
C36,06/18/2026,56,39,69.6,1
C36,06/19/2026,56,42,75.0,4
C36,06/20/2026,56,29,51.8,2
C36,06/21/2026,56,20,35.7,4
C36,06/22/2026,56,19,33.9,3
C36,06/23/2026,56,32,57.1,0
C36,06/24/2026,56,39,69.6,0
C36,06/25/2026,56,44,78.6,0
C36,06/26/2026,56,40,71.4,3
C36,06/27/2026,56,27,48.2,2
C36,06/28/2026,56,19,33.9,4
C36,06/29/2026,56,20,35.7,0
C36,06/30/2026,56,34,60.7,5
C36,07/01/2026,56,42,75.0,3
C36,07/02/2026,56,39,69.6,2
C36,07/03/2026,56,42,75.0,1
C36,07/04/2026,56,30,53.6,2
C36,07/05/2026,56,19,33.9,0
C36,07/06/2026,56,22,39.3,0
C36,07/07/2026,56,34,60.7,1
C36,07/08/2026,56,40,71.4,4
C36,07/09/2026,56,42,75.0,1
C36,07/10/2026,56,36,64.3,0
C36,07/11/2026,56,30,53.6,2
C36,07/12/2026,56,21,37.5,5
C36,07/13/2026,56,19,33.9,3
C36,07/14/2026,56,34,60.7,4
C36,07/15/2026,56,40,71.4,1
C36,07/16/2026,56,39,69.6,3
C36,07/17/2026,56,37,66.1,2
C36,07/18/2026,56,28,50.0,5
C36,07/19/2026,56,19,33.9,3
C36,07/20/2026,56,23,41.1,3
C36,07/21/2026,56,35,62.5,5
C36,07/22/2026,56,36,64.3,3
C36,07/23/2026,56,43,76.8,3
C36,07/24/2026,56,38,67.9,2
C36,07/25/2026,56,29,51.8,0
C36,07/26/2026,56,16,28.6,5
C36,07/27/2026,56,24,42.9,1
C36,07/28/2026,56,34,60.7,3
C36,07/29/2026,56,42,75.0,4
C37,05/31/2026,29,12,41.4,4
C37,06/01/2026,29,12,41.4,5
C37,06/02/2026,29,15,51.7,5
C37,06/03/2026,29,17,58.6,3
C37,06/04/2026,29,23,79.3,1
C37,06/05/2026,29,19,65.5,0
C37,06/06/2026,29,13,44.8,5
C37,06/07/2026,29,7,24.1,3
C37,06/08/2026,29,13,44.8,3
C37,06/09/2026,29,18,62.1,2
C37,06/10/2026,29,17,58.6,3
C37,06/11/2026,29,19,65.5,3
C37,06/12/2026,29,18,62.1,5
C37,06/13/2026,29,11,37.9,3
C37,06/14/2026,29,13,44.8,3
C37,06/15/2026,29,14,48.3,0
C37,06/16/2026,29,17,58.6,1
C37,06/17/2026,29,20,69.0,2
C37,06/18/2026,29,23,79.3,4
C37,06/19/2026,29,18,62.1,2
C37,06/20/2026,29,17,58.6,5
C37,06/21/2026,29,7,24.1,1
C37,06/22/2026,29,12,41.4,5
C37,06/23/2026,29,20,69.0,4
C37,06/24/2026,29,17,58.6,0
C37,06/25/2026,29,24,82.8,1
C37,06/26/2026,29,23,79.3,3
C37,06/27/2026,29,11,37.9,5
C37,06/28/2026,29,10,34.5,2
C37,06/29/2026,29,12,41.4,3
C37,06/30/2026,29,18,62.1,3
C37,07/01/2026,29,23,79.3,2
C37,07/02/2026,29,18,62.1,2
C37,07/03/2026,29,17,58.6,0
C37,07/04/2026,29,15,51.7,5
C37,07/05/2026,29,9,31.0,3
C37,07/06/2026,29,10,34.5,4
C37,07/07/2026,29,14,48.3,4
C37,07/08/2026,29,18,62.1,1
C37,07/09/2026,29,21,72.4,4
C37,07/10/2026,29,23,79.3,3
C37,07/11/2026,29,17,58.6,3
C37,07/12/2026,29,8,27.6,3
C37,07/13/2026,29,9,31.0,0
C37,07/14/2026,29,20,69.0,4
C37,07/15/2026,29,20,69.0,1
C37,07/16/2026,29,20,69.0,3
C37,07/17/2026,29,22,75.9,0
C37,07/18/2026,29,11,37.9,2
C37,07/19/2026,29,8,27.6,3
C37,07/20/2026,29,14,48.3,1
C37,07/21/2026,29,14,48.3,1
C37,07/22/2026,29,17,58.6,1
C37,07/23/2026,29,20,69.0,4
C37,07/24/2026,29,19,65.5,2
C37,07/25/2026,29,15,51.7,4
C37,07/26/2026,29,10,34.5,3
C37,07/27/2026,29,10,34.5,2
C37,07/28/2026,29,14,48.3,0
C37,07/29/2026,29,23,79.3,3
C38,05/31/2026,77,28,36.4,3
C38,06/01/2026,77,27,35.1,0
C38,06/02/2026,77,48,62.3,1
C38,06/03/2026,77,51,66.2,0
C38,06/04/2026,77,55,71.4,4
C38,06/05/2026,77,53,68.8,3
C38,06/06/2026,77,35,45.5,2
C38,06/07/2026,77,28,36.4,0
C38,06/08/2026,77,28,36.4,5
C38,06/09/2026,77,45,58.4,1
C38,06/10/2026,77,56,72.7,4
C38,06/11/2026,77,55,71.4,4
C38,06/12/2026,77,55,71.4,4
C38,06/13/2026,77,40,51.9,5
C38,06/14/2026,77,28,36.4,5
C38,06/15/2026,77,32,41.6,1
C38,06/16/2026,77,48,62.3,1
C38,06/17/2026,77,55,71.4,4
C38,06/18/2026,77,60,77.9,5
C38,06/19/2026,77,52,67.5,5
C38,06/20/2026,77,40,51.9,4
C38,06/21/2026,77,26,33.8,4
C38,06/22/2026,77,29,37.7,3
C38,06/23/2026,77,43,55.8,0
C38,06/24/2026,77,52,67.5,4
C38,06/25/2026,77,55,71.4,2
C38,06/26/2026,77,56,72.7,3
C38,06/27/2026,77,38,49.4,5
C38,06/28/2026,77,23,29.9,3
C38,06/29/2026,77,29,37.7,3
C38,06/30/2026,77,45,58.4,1
C38,07/01/2026,77,55,71.4,0
C38,07/02/2026,77,57,74.0,2
C38,07/03/2026,77,54,70.1,0
C38,07/04/2026,77,36,46.8,2
C38,07/05/2026,77,29,37.7,5
C38,07/06/2026,77,32,41.6,1
C38,07/07/2026,77,44,57.1,5
C38,07/08/2026,77,53,68.8,3
C38,07/09/2026,77,56,72.7,4
C38,07/10/2026,77,52,67.5,4
C38,07/11/2026,77,36,46.8,0
C38,07/12/2026,77,25,32.5,2
C38,07/13/2026,77,31,40.3,1
C38,07/14/2026,77,44,57.1,4
C38,07/15/2026,77,51,66.2,5
C38,07/16/2026,77,57,74.0,5
C38,07/17/2026,77,50,64.9,2
C38,07/18/2026,77,41,53.2,0
C38,07/19/2026,77,25,32.5,3
C38,07/20/2026,77,28,36.4,5
C38,07/21/2026,77,47,61.0,5
C38,07/22/2026,77,53,68.8,0
C38,07/23/2026,77,58,75.3,1
C38,07/24/2026,77,53,68.8,4
C38,07/25/2026,77,38,49.4,3
C38,07/26/2026,77,24,31.2,2
C38,07/27/2026,77,31,40.3,1
C38,07/28/2026,77,46,59.7,1
C38,07/29/2026,77,56,72.7,2
C39,05/31/2026,25,9,36.0,2
C39,06/01/2026,25,7,28.0,4
C39,06/02/2026,25,14,56.0,3
C39,06/03/2026,25,18,72.0,4
C39,06/04/2026,25,16,64.0,3
C39,06/05/2026,25,14,56.0,5
C39,06/06/2026,25,15,60.0,2
C39,06/07/2026,25,6,24.0,2
C39,06/08/2026,25,7,28.0,0
C39,06/09/2026,25,16,64.0,0
C39,06/10/2026,25,16,64.0,3
C39,06/11/2026,25,18,72.0,4
C39,06/12/2026,25,19,76.0,2
C39,06/13/2026,25,11,44.0,0
C39,06/14/2026,25,11,44.0,2
C39,06/15/2026,25,8,32.0,5
C39,06/16/2026,25,12,48.0,1
C39,06/17/2026,25,18,72.0,3
C39,06/18/2026,25,19,76.0,3
C39,06/19/2026,25,18,72.0,2
C39,06/20/2026,25,10,40.0,3
C39,06/21/2026,25,5,20.0,1
C39,06/22/2026,25,7,28.0,1
C39,06/23/2026,25,13,52.0,4
C39,06/24/2026,25,17,68.0,3
C39,06/25/2026,25,21,84.0,1
C39,06/26/2026,25,16,64.0,2
C39,06/27/2026,25,9,36.0,0
C39,06/28/2026,25,9,36.0,1
C39,06/29/2026,25,7,28.0,0
C39,06/30/2026,25,17,68.0,1
C39,07/01/2026,25,18,72.0,0
C39,07/02/2026,25,19,76.0,3
C39,07/03/2026,25,18,72.0,2
C39,07/04/2026,25,11,44.0,4
C39,07/05/2026,25,7,28.0,3
C39,07/06/2026,25,8,32.0,2
C39,07/07/2026,25,14,56.0,4
C39,07/08/2026,25,17,68.0,1
C39,07/09/2026,25,19,76.0,4
C39,07/10/2026,25,19,76.0,3
C39,07/11/2026,25,15,60.0,1
C39,07/12/2026,25,8,32.0,1
C39,07/13/2026,25,10,40.0,4
C39,07/14/2026,25,16,64.0,0
C39,07/15/2026,25,16,64.0,5
C39,07/16/2026,25,18,72.0,5
C39,07/17/2026,25,14,56.0,2
C39,07/18/2026,25,12,48.0,1
C39,07/19/2026,25,11,44.0,2
C39,07/20/2026,25,11,44.0,0
C39,07/21/2026,25,14,56.0,2
C39,07/22/2026,25,20,80.0,4
C39,07/23/2026,25,18,72.0,1
C39,07/24/2026,25,18,72.0,1
C39,07/25/2026,25,12,48.0,2
C39,07/26/2026,25,6,24.0,0
C39,07/27/2026,25,7,28.0,4
C39,07/28/2026,25,15,60.0,4
C39,07/29/2026,25,18,72.0,5
C40,05/31/2026,24,10,41.7,0
C40,06/01/2026,24,6,25.0,4
C40,06/02/2026,24,11,45.8,3
C40,06/03/2026,24,18,75.0,5
C40,06/04/2026,24,19,79.2,0
C40,06/05/2026,24,14,58.3,5
C40,06/06/2026,24,13,54.2,4
C40,06/07/2026,24,8,33.3,2
C40,06/08/2026,24,8,33.3,5
C40,06/09/2026,24,17,70.8,3
C40,06/10/2026,24,16,66.7,3
C40,06/11/2026,24,20,83.3,2
C40,06/12/2026,24,19,79.2,3
C40,06/13/2026,24,15,62.5,0
C40,06/14/2026,24,9,37.5,4
C40,06/15/2026,24,12,50.0,1
C40,06/16/2026,24,12,50.0,5
C40,06/17/2026,24,18,75.0,4
C40,06/18/2026,24,15,62.5,2
C40,06/19/2026,24,15,62.5,5
C40,06/20/2026,24,9,37.5,5
C40,06/21/2026,24,7,29.2,5
C40,06/22/2026,24,9,37.5,5
C40,06/23/2026,24,15,62.5,5
C40,06/24/2026,24,17,70.8,0
C40,06/25/2026,24,17,70.8,1
C40,06/26/2026,24,14,58.3,2
C40,06/27/2026,24,10,41.7,5
C40,06/28/2026,24,5,20.8,0
C40,06/29/2026,24,8,33.3,1
C40,06/30/2026,24,16,66.7,0
C40,07/01/2026,24,13,54.2,3
C40,07/02/2026,24,18,75.0,0
C40,07/03/2026,24,15,62.5,4
C40,07/04/2026,24,13,54.2,5
C40,07/05/2026,24,5,20.8,0
C40,07/06/2026,24,12,50.0,0
C40,07/07/2026,24,13,54.2,3
C40,07/08/2026,24,13,54.2,0
C40,07/09/2026,24,21,87.5,1
C40,07/10/2026,24,19,79.2,2
C40,07/11/2026,24,14,58.3,0
C40,07/12/2026,24,11,45.8,1
C40,07/13/2026,24,12,50.0,4
C40,07/14/2026,24,16,66.7,0
C40,07/15/2026,24,13,54.2,1
C40,07/16/2026,24,17,70.8,0
C40,07/17/2026,24,17,70.8,0
C40,07/18/2026,24,13,54.2,5
C40,07/19/2026,24,10,41.7,3
C40,07/20/2026,24,9,37.5,4
C40,07/21/2026,24,13,54.2,0
C40,07/22/2026,24,19,79.2,0
C40,07/23/2026,24,18,75.0,4
C40,07/24/2026,24,19,79.2,0
C40,07/25/2026,24,9,37.5,2
C40,07/26/2026,24,6,25.0,3
C40,07/27/2026,24,9,37.5,1
C40,07/28/2026,24,11,45.8,2
C40,07/29/2026,24,15,62.5,3
C41,05/31/2026,74,27,36.5,1
C41,06/01/2026,74,26,35.1,5
C41,06/02/2026,74,42,56.8,4
C41,06/03/2026,74,54,73.0,3
C41,06/04/2026,74,54,73.0,4
C41,06/05/2026,74,50,67.6,5
C41,06/06/2026,74,34,45.9,0
C41,06/07/2026,74,22,29.7,2
C41,06/08/2026,74,30,40.5,0
C41,06/09/2026,74,45,60.8,2
C41,06/10/2026,74,53,71.6,4
C41,06/11/2026,74,57,77.0,2
C41,06/12/2026,74,50,67.6,3
C41,06/13/2026,74,36,48.6,2
C41,06/14/2026,74,23,31.1,0
C41,06/15/2026,74,29,39.2,3
C41,06/16/2026,74,44,59.5,1
C41,06/17/2026,74,53,71.6,2
C41,06/18/2026,74,52,70.3,4
C41,06/19/2026,74,54,73.0,5
C41,06/20/2026,74,40,54.1,2
C41,06/21/2026,74,23,31.1,2
C41,06/22/2026,74,28,37.8,1
C41,06/23/2026,74,44,59.5,3
C41,06/24/2026,74,48,64.9,0
C41,06/25/2026,74,55,74.3,5
C41,06/26/2026,74,52,70.3,2
C41,06/27/2026,74,38,51.4,2
C41,06/28/2026,74,25,33.8,0
C41,06/29/2026,74,31,41.9,0
C41,06/30/2026,74,45,60.8,0
C41,07/01/2026,74,51,68.9,5
C41,07/02/2026,74,56,75.7,5
C41,07/03/2026,74,50,67.6,0
C41,07/04/2026,74,39,52.7,1
C41,07/05/2026,74,22,29.7,2
C41,07/06/2026,74,31,41.9,4
C41,07/07/2026,74,43,58.1,1
C41,07/08/2026,74,53,71.6,3
C41,07/09/2026,74,52,70.3,4
C41,07/10/2026,74,51,68.9,5
C41,07/11/2026,74,40,54.1,5
C41,07/12/2026,74,28,37.8,2
C41,07/13/2026,74,31,41.9,4
C41,07/14/2026,74,44,59.5,4
C41,07/15/2026,74,49,66.2,1
C41,07/16/2026,74,52,70.3,0
C41,07/17/2026,74,49,66.2,5
C41,07/18/2026,74,38,51.4,1
C41,07/19/2026,74,22,29.7,1
C41,07/20/2026,74,31,41.9,1
C41,07/21/2026,74,45,60.8,3
C41,07/22/2026,74,53,71.6,0
C41,07/23/2026,74,56,75.7,1
C41,07/24/2026,74,49,66.2,3
C41,07/25/2026,74,34,45.9,0
C41,07/26/2026,74,24,32.4,0
C41,07/27/2026,74,29,39.2,2
C41,07/28/2026,74,43,58.1,1
C41,07/29/2026,74,49,66.2,0
C42,05/31/2026,74,23,31.1,3
C42,06/01/2026,74,27,36.5,5
C42,06/02/2026,74,46,62.2,1
C42,06/03/2026,74,50,67.6,2
C42,06/04/2026,74,56,75.7,5
C42,06/05/2026,74,51,68.9,2
C42,06/06/2026,74,34,45.9,5
C42,06/07/2026,74,25,33.8,3
C42,06/08/2026,74,28,37.8,3
C42,06/09/2026,74,43,58.1,1
C42,06/10/2026,74,53,71.6,4
C42,06/11/2026,74,53,71.6,5
C42,06/12/2026,74,50,67.6,5
C42,06/13/2026,74,40,54.1,2
C42,06/14/2026,74,23,31.1,0
C42,06/15/2026,74,26,35.1,5
C42,06/16/2026,74,41,55.4,2
C42,06/17/2026,74,51,68.9,2
C42,06/18/2026,74,55,74.3,1
C42,06/19/2026,74,52,70.3,3
C42,06/20/2026,74,34,45.9,2
C42,06/21/2026,74,23,31.1,0
C42,06/22/2026,74,27,36.5,4
C42,06/23/2026,74,47,63.5,2
C42,06/24/2026,74,53,71.6,2
C42,06/25/2026,74,56,75.7,2
C42,06/26/2026,74,53,71.6,3
C42,06/27/2026,74,35,47.3,5
C42,06/28/2026,74,22,29.7,4
C42,06/29/2026,74,29,39.2,0
C42,06/30/2026,74,41,55.4,4
C42,07/01/2026,74,51,68.9,0
C42,07/02/2026,74,52,70.3,3
C42,07/03/2026,74,50,67.6,0
C42,07/04/2026,74,35,47.3,3
C42,07/05/2026,74,22,29.7,4
C42,07/06/2026,74,31,41.9,1
C42,07/07/2026,74,46,62.2,5
C42,07/08/2026,74,48,64.9,1
C42,07/09/2026,74,53,71.6,2
C42,07/10/2026,74,53,71.6,1
C42,07/11/2026,74,36,48.6,3
C42,07/12/2026,74,24,32.4,4
C42,07/13/2026,74,32,43.2,0
C42,07/14/2026,74,44,59.5,3
C42,07/15/2026,74,52,70.3,2
C42,07/16/2026,74,52,70.3,2
C42,07/17/2026,74,49,66.2,2
C42,07/18/2026,74,37,50.0,0
C42,07/19/2026,74,24,32.4,0
C42,07/20/2026,74,26,35.1,1
C42,07/21/2026,74,42,56.8,3
C42,07/22/2026,74,52,70.3,0
C42,07/23/2026,74,56,75.7,3
C42,07/24/2026,74,54,73.0,0
C42,07/25/2026,74,34,45.9,5
C42,07/26/2026,74,26,35.1,2
C42,07/27/2026,74,27,36.5,2
C42,07/28/2026,74,45,60.8,1
C42,07/29/2026,74,50,67.6,5
C43,05/31/2026,29,7,24.1,2
C43,06/01/2026,29,9,31.0,5
C43,06/02/2026,29,20,69.0,1
C43,06/03/2026,29,18,62.1,5
C43,06/04/2026,29,24,82.8,2
C43,06/05/2026,29,20,69.0,2
C43,06/06/2026,29,17,58.6,4
C43,06/07/2026,29,12,41.4,2
C43,06/08/2026,29,9,31.0,5
C43,06/09/2026,29,14,48.3,2
C43,06/10/2026,29,22,75.9,2
C43,06/11/2026,29,23,79.3,1
C43,06/12/2026,29,17,58.6,0
C43,06/13/2026,29,15,51.7,5
C43,06/14/2026,29,9,31.0,0
C43,06/15/2026,29,14,48.3,0
C43,06/16/2026,29,17,58.6,3
C43,06/17/2026,29,17,58.6,5
C43,06/18/2026,29,22,75.9,0
C43,06/19/2026,29,18,62.1,2
C43,06/20/2026,29,15,51.7,1
C43,06/21/2026,29,11,37.9,1
C43,06/22/2026,29,10,34.5,2
C43,06/23/2026,29,17,58.6,5
C43,06/24/2026,29,18,62.1,3
C43,06/25/2026,29,19,65.5,3
C43,06/26/2026,29,19,65.5,4
C43,06/27/2026,29,17,58.6,3
C43,06/28/2026,29,8,27.6,1
C43,06/29/2026,29,14,48.3,5
C43,06/30/2026,29,16,55.2,1
C43,07/01/2026,29,17,58.6,4
C43,07/02/2026,29,21,72.4,5
C43,07/03/2026,29,23,79.3,4
C43,07/04/2026,29,13,44.8,5
C43,07/05/2026,29,10,34.5,3
C43,07/06/2026,29,14,48.3,0
C43,07/07/2026,29,20,69.0,2
C43,07/08/2026,29,22,75.9,5
C43,07/09/2026,29,19,65.5,0
C43,07/10/2026,29,17,58.6,5
C43,07/11/2026,29,16,55.2,4
C43,07/12/2026,29,11,37.9,4
C43,07/13/2026,29,8,27.6,1
C43,07/14/2026,29,17,58.6,4
C43,07/15/2026,29,18,62.1,2
C43,07/16/2026,29,22,75.9,3
C43,07/17/2026,29,19,65.5,2
C43,07/18/2026,29,14,48.3,4
C43,07/19/2026,29,7,24.1,3
C43,07/20/2026,29,11,37.9,3
C43,07/21/2026,29,16,55.2,1
C43,07/22/2026,29,23,79.3,0
C43,07/23/2026,29,22,75.9,4
C43,07/24/2026,29,23,79.3,1
C43,07/25/2026,29,14,48.3,0
C43,07/26/2026,29,11,37.9,5
C43,07/27/2026,29,14,48.3,4
C43,07/28/2026,29,17,58.6,5
C43,07/29/2026,29,18,62.1,0
C44,05/31/2026,81,26,32.1,0
C44,06/01/2026,81,29,35.8,4
C44,06/02/2026,81,49,60.5,0
C44,06/03/2026,81,58,71.6,2
C44,06/04/2026,81,61,75.3,2
C44,06/05/2026,81,59,72.8,5
C44,06/06/2026,81,37,45.7,5
C44,06/07/2026,81,29,35.8,1
C44,06/08/2026,81,35,43.2,0
C44,06/09/2026,81,48,59.3,2
C44,06/10/2026,81,58,71.6,0
C44,06/11/2026,81,63,77.8,5
C44,06/12/2026,81,53,65.4,4
C44,06/13/2026,81,43,53.1,4
C44,06/14/2026,81,31,38.3,4
C44,06/15/2026,81,34,42.0,3
C44,06/16/2026,81,51,63.0,4
C44,06/17/2026,81,53,65.4,4
C44,06/18/2026,81,58,71.6,4
C44,06/19/2026,81,58,71.6,3
C44,06/20/2026,81,38,46.9,5
C44,06/21/2026,81,30,37.0,5
C44,06/22/2026,81,29,35.8,5
C44,06/23/2026,81,45,55.6,5
C44,06/24/2026,81,55,67.9,1
C44,06/25/2026,81,59,72.8,5
C44,06/26/2026,81,54,66.7,1
C44,06/27/2026,81,43,53.1,3
C44,06/28/2026,81,27,33.3,3
C44,06/29/2026,81,30,37.0,0
C44,06/30/2026,81,46,56.8,3
C44,07/01/2026,81,55,67.9,5
C44,07/02/2026,81,63,77.8,5
C44,07/03/2026,81,59,72.8,2
C44,07/04/2026,81,42,51.9,5
C44,07/05/2026,81,28,34.6,2
C44,07/06/2026,81,33,40.7,0
C44,07/07/2026,81,51,63.0,0
C44,07/08/2026,81,58,71.6,0
C44,07/09/2026,81,59,72.8,2
C44,07/10/2026,81,54,66.7,1
C44,07/11/2026,81,37,45.7,4
C44,07/12/2026,81,26,32.1,1
C44,07/13/2026,81,31,38.3,4
C44,07/14/2026,81,50,61.7,0
C44,07/15/2026,81,54,66.7,4
C44,07/16/2026,81,63,77.8,4
C44,07/17/2026,81,53,65.4,4
C44,07/18/2026,81,41,50.6,4
C44,07/19/2026,81,31,38.3,1
C44,07/20/2026,81,29,35.8,4
C44,07/21/2026,81,49,60.5,1
C44,07/22/2026,81,53,65.4,2
C44,07/23/2026,81,63,77.8,1
C44,07/24/2026,81,53,65.4,4
C44,07/25/2026,81,37,45.7,0
C44,07/26/2026,81,30,37.0,0
C44,07/27/2026,81,31,38.3,0
C44,07/28/2026,81,47,58.0,4
C44,07/29/2026,81,55,67.9,4
C45,05/31/2026,92,31,33.7,1
C45,06/01/2026,92,36,39.1,0
C45,06/02/2026,92,57,62.0,3
C45,06/03/2026,92,61,66.3,0
C45,06/04/2026,92,70,76.1,0
C45,06/05/2026,92,66,71.7,0
C45,06/06/2026,92,45,48.9,3
C45,06/07/2026,92,31,33.7,5
C45,06/08/2026,92,33,35.9,5
C45,06/09/2026,92,56,60.9,2
C45,06/10/2026,92,63,68.5,1
C45,06/11/2026,92,66,71.7,4
C45,06/12/2026,92,67,72.8,2
C45,06/13/2026,92,45,48.9,4
C45,06/14/2026,92,34,37.0,5
C45,06/15/2026,92,33,35.9,1
C45,06/16/2026,92,54,58.7,1
C45,06/17/2026,92,66,71.7,5
C45,06/18/2026,92,69,75.0,0
C45,06/19/2026,92,64,69.6,3
C45,06/20/2026,92,46,50.0,0
C45,06/21/2026,92,29,31.5,4
C45,06/22/2026,92,34,37.0,1
C45,06/23/2026,92,56,60.9,4
C45,06/24/2026,92,66,71.7,3
C45,06/25/2026,92,70,76.1,2
C45,06/26/2026,92,62,67.4,4
C45,06/27/2026,92,45,48.9,2
C45,06/28/2026,92,31,33.7,5
C45,06/29/2026,92,38,41.3,2
C45,06/30/2026,92,58,63.0,5
C45,07/01/2026,92,64,69.6,2
C45,07/02/2026,92,69,75.0,3
C45,07/03/2026,92,63,68.5,1
C45,07/04/2026,92,49,53.3,2
C45,07/05/2026,92,31,33.7,5
C45,07/06/2026,92,35,38.0,1
C45,07/07/2026,92,57,62.0,0
C45,07/08/2026,92,61,66.3,3
C45,07/09/2026,92,72,78.3,3
C45,07/10/2026,92,62,67.4,4
C45,07/11/2026,92,49,53.3,0
C45,07/12/2026,92,32,34.8,0
C45,07/13/2026,92,34,37.0,1
C45,07/14/2026,92,56,60.9,4
C45,07/15/2026,92,66,71.7,1
C45,07/16/2026,92,69,75.0,0
C45,07/17/2026,92,63,68.5,4
C45,07/18/2026,92,45,48.9,3
C45,07/19/2026,92,33,35.9,2
C45,07/20/2026,92,39,42.4,3
C45,07/21/2026,92,52,56.5,3
C45,07/22/2026,92,66,71.7,4
C45,07/23/2026,92,67,72.8,0
C45,07/24/2026,92,67,72.8,2
C45,07/25/2026,92,47,51.1,1
C45,07/26/2026,92,32,34.8,1
C45,07/27/2026,92,37,40.2,4
C45,07/28/2026,92,57,62.0,5
C45,07/29/2026,92,62,67.4,3
C46,05/31/2026,81,29,35.8,4
C46,06/01/2026,81,31,38.3,5
C46,06/02/2026,81,47,58.0,0
C46,06/03/2026,81,57,70.4,2
C46,06/04/2026,81,58,71.6,5
C46,06/05/2026,81,58,71.6,3
C46,06/06/2026,81,38,46.9,3
C46,06/07/2026,81,27,33.3,0
C46,06/08/2026,81,30,37.0,1
C46,06/09/2026,81,46,56.8,3
C46,06/10/2026,81,55,67.9,1
C46,06/11/2026,81,63,77.8,1
C46,06/12/2026,81,58,71.6,0
C46,06/13/2026,81,42,51.9,5
C46,06/14/2026,81,25,30.9,2
C46,06/15/2026,81,34,42.0,2
C46,06/16/2026,81,50,61.7,4
C46,06/17/2026,81,53,65.4,5
C46,06/18/2026,81,61,75.3,3
C46,06/19/2026,81,57,70.4,1
C46,06/20/2026,81,42,51.9,4
C46,06/21/2026,81,27,33.3,3
C46,06/22/2026,81,35,43.2,5
C46,06/23/2026,81,46,56.8,4
C46,06/24/2026,81,59,72.8,3
C46,06/25/2026,81,63,77.8,5
C46,06/26/2026,81,56,69.1,1
C46,06/27/2026,81,41,50.6,3
C46,06/28/2026,81,28,34.6,0
C46,06/29/2026,81,32,39.5,0
C46,06/30/2026,81,49,60.5,5
C46,07/01/2026,81,58,71.6,4
C46,07/02/2026,81,61,75.3,2
C46,07/03/2026,81,59,72.8,4
C46,07/04/2026,81,40,49.4,5
C46,07/05/2026,81,26,32.1,5
C46,07/06/2026,81,29,35.8,5
C46,07/07/2026,81,47,58.0,4
C46,07/08/2026,81,59,72.8,4
C46,07/09/2026,81,62,76.5,1
C46,07/10/2026,81,54,66.7,2
C46,07/11/2026,81,37,45.7,5
C46,07/12/2026,81,29,35.8,5
C46,07/13/2026,81,31,38.3,3
C46,07/14/2026,81,48,59.3,2
C46,07/15/2026,81,57,70.4,2
C46,07/16/2026,81,61,75.3,1
C46,07/17/2026,81,55,67.9,4
C46,07/18/2026,81,39,48.1,2
C46,07/19/2026,81,31,38.3,4
C46,07/20/2026,81,33,40.7,0
C46,07/21/2026,81,47,58.0,3
C46,07/22/2026,81,55,67.9,2
C46,07/23/2026,81,61,75.3,2
C46,07/24/2026,81,58,71.6,2
C46,07/25/2026,81,42,51.9,3
C46,07/26/2026,81,29,35.8,2
C46,07/27/2026,81,34,42.0,5
C46,07/28/2026,81,51,63.0,5
C46,07/29/2026,81,54,66.7,0
C47,05/31/2026,71,24,33.8,2
C47,06/01/2026,71,26,36.6,2
C47,06/02/2026,71,41,57.7,4
C47,06/03/2026,71,50,70.4,4
C47,06/04/2026,71,51,71.8,2
C47,06/05/2026,71,46,64.8,3
C47,06/06/2026,71,36,50.7,4
C47,06/07/2026,71,27,38.0,2
C47,06/08/2026,71,27,38.0,1
C47,06/09/2026,71,40,56.3,4
C47,06/10/2026,71,48,67.6,0
C47,06/11/2026,71,53,74.6,2
C47,06/12/2026,71,52,73.2,2
C47,06/13/2026,71,37,52.1,1
C47,06/14/2026,71,27,38.0,3
C47,06/15/2026,71,29,40.8,2
C47,06/16/2026,71,43,60.6,2
C47,06/17/2026,71,50,70.4,3
C47,06/18/2026,71,51,71.8,3
C47,06/19/2026,71,51,71.8,0
C47,06/20/2026,71,33,46.5,3
C47,06/21/2026,71,26,36.6,0
C47,06/22/2026,71,30,42.3,2
C47,06/23/2026,71,41,57.7,4
C47,06/24/2026,71,47,66.2,2
C47,06/25/2026,71,56,78.9,5
C47,06/26/2026,71,47,66.2,2
C47,06/27/2026,71,36,50.7,3
C47,06/28/2026,71,25,35.2,0
C47,06/29/2026,71,27,38.0,0
C47,06/30/2026,71,39,54.9,5
C47,07/01/2026,71,47,66.2,5
C47,07/02/2026,71,52,73.2,0
C47,07/03/2026,71,52,73.2,3
C47,07/04/2026,71,32,45.1,3
C47,07/05/2026,71,26,36.6,5
C47,07/06/2026,71,26,36.6,0
C47,07/07/2026,71,43,60.6,5
C47,07/08/2026,71,51,71.8,1
C47,07/09/2026,71,53,74.6,1
C47,07/10/2026,71,46,64.8,2
C47,07/11/2026,71,34,47.9,3
C47,07/12/2026,71,26,36.6,3
C47,07/13/2026,71,30,42.3,5
C47,07/14/2026,71,41,57.7,3
C47,07/15/2026,71,47,66.2,5
C47,07/16/2026,71,54,76.1,4
C47,07/17/2026,71,47,66.2,4
C47,07/18/2026,71,32,45.1,5
C47,07/19/2026,71,22,31.0,3
C47,07/20/2026,71,30,42.3,1
C47,07/21/2026,71,41,57.7,3
C47,07/22/2026,71,48,67.6,5
C47,07/23/2026,71,53,74.6,4
C47,07/24/2026,71,47,66.2,5
C47,07/25/2026,71,32,45.1,3
C47,07/26/2026,71,24,33.8,5
C47,07/27/2026,71,30,42.3,2
C47,07/28/2026,71,45,63.4,4
C47,07/29/2026,71,48,67.6,2
C48,05/31/2026,92,35,38.0,0
C48,06/01/2026,92,35,38.0,2
C48,06/02/2026,92,55,59.8,4
C48,06/03/2026,92,62,67.4,0
C48,06/04/2026,92,72,78.3,0
C48,06/05/2026,92,67,72.8,4
C48,06/06/2026,92,48,52.2,5
C48,06/07/2026,92,32,34.8,3
C48,06/08/2026,92,39,42.4,4
C48,06/09/2026,92,58,63.0,3
C48,06/10/2026,92,61,66.3,0
C48,06/11/2026,92,67,72.8,5
C48,06/12/2026,92,65,70.7,2
C48,06/13/2026,92,48,52.2,2
C48,06/14/2026,92,30,32.6,1
C48,06/15/2026,92,39,42.4,3
C48,06/16/2026,92,53,57.6,1
C48,06/17/2026,92,63,68.5,3
C48,06/18/2026,92,67,72.8,5
C48,06/19/2026,92,62,67.4,3
C48,06/20/2026,92,49,53.3,4
C48,06/21/2026,92,32,34.8,2
C48,06/22/2026,92,37,40.2,5
C48,06/23/2026,92,52,56.5,3
C48,06/24/2026,92,67,72.8,2
C48,06/25/2026,92,71,77.2,4
C48,06/26/2026,92,66,71.7,3
C48,06/27/2026,92,44,47.8,3
C48,06/28/2026,92,29,31.5,3
C48,06/29/2026,92,37,40.2,4
C48,06/30/2026,92,55,59.8,4
C48,07/01/2026,92,62,67.4,5
C48,07/02/2026,92,69,75.0,1
C48,07/03/2026,92,66,71.7,5
C48,07/04/2026,92,44,47.8,2
C48,07/05/2026,92,32,34.8,5
C48,07/06/2026,92,38,41.3,4
C48,07/07/2026,92,57,62.0,1
C48,07/08/2026,92,66,71.7,2
C48,07/09/2026,92,69,75.0,3
C48,07/10/2026,92,66,71.7,0
C48,07/11/2026,92,43,46.7,1
C48,07/12/2026,92,29,31.5,1
C48,07/13/2026,92,37,40.2,1
C48,07/14/2026,92,52,56.5,5
C48,07/15/2026,92,65,70.7,0
C48,07/16/2026,92,67,72.8,2
C48,07/17/2026,92,64,69.6,0
C48,07/18/2026,92,49,53.3,1
C48,07/19/2026,92,35,38.0,4
C48,07/20/2026,92,33,35.9,0
C48,07/21/2026,92,55,59.8,1
C48,07/22/2026,92,63,68.5,4
C48,07/23/2026,92,67,72.8,4
C48,07/24/2026,92,61,66.3,3
C48,07/25/2026,92,46,50.0,5
C48,07/26/2026,92,31,33.7,3
C48,07/27/2026,92,39,42.4,0
C48,07/28/2026,92,54,58.7,1
C48,07/29/2026,92,67,72.8,3
C49,05/31/2026,98,31,31.6,5
C49,06/01/2026,98,40,40.8,4
C49,06/02/2026,98,55,56.1,0
C49,06/03/2026,98,69,70.4,5
C49,06/04/2026,98,72,73.5,4
C49,06/05/2026,98,65,66.3,3
C49,06/06/2026,98,47,48.0,5
C49,06/07/2026,98,37,37.8,5
C49,06/08/2026,98,39,39.8,3
C49,06/09/2026,98,61,62.2,0
C49,06/10/2026,98,69,70.4,2
C49,06/11/2026,98,75,76.5,5
C49,06/12/2026,98,68,69.4,4
C49,06/13/2026,98,51,52.0,2
C49,06/14/2026,98,34,34.7,2
C49,06/15/2026,98,40,40.8,5
C49,06/16/2026,98,56,57.1,5
C49,06/17/2026,98,69,70.4,5
C49,06/18/2026,98,76,77.6,5
C49,06/19/2026,98,65,66.3,5
C49,06/20/2026,98,51,52.0,2
C49,06/21/2026,98,32,32.7,2
C49,06/22/2026,98,38,38.8,3
C49,06/23/2026,98,55,56.1,2
C49,06/24/2026,98,71,72.4,4
C49,06/25/2026,98,76,77.6,4
C49,06/26/2026,98,70,71.4,3
C49,06/27/2026,98,46,46.9,0
C49,06/28/2026,98,37,37.8,5
C49,06/29/2026,98,40,40.8,1
C49,06/30/2026,98,58,59.2,5
C49,07/01/2026,98,68,69.4,4
C49,07/02/2026,98,74,75.5,1
C49,07/03/2026,98,66,67.3,0
C49,07/04/2026,98,49,50.0,3
C49,07/05/2026,98,35,35.7,0
C49,07/06/2026,98,41,41.8,3
C49,07/07/2026,98,55,56.1,0
C49,07/08/2026,98,71,72.4,4
C49,07/09/2026,98,70,71.4,1
C49,07/10/2026,98,66,67.3,2
C49,07/11/2026,98,50,51.0,5
C49,07/12/2026,98,33,33.7,1
C49,07/13/2026,98,42,42.9,2
C49,07/14/2026,98,59,60.2,4
C49,07/15/2026,98,65,66.3,3
C49,07/16/2026,98,70,71.4,4
C49,07/17/2026,98,71,72.4,1
C49,07/18/2026,98,51,52.0,1
C49,07/19/2026,98,37,37.8,0
C49,07/20/2026,98,41,41.8,4
C49,07/21/2026,98,56,57.1,4
C49,07/22/2026,98,70,71.4,5
C49,07/23/2026,98,71,72.4,4
C49,07/24/2026,98,67,68.4,4
C49,07/25/2026,98,51,52.0,4
C49,07/26/2026,98,37,37.8,0
C49,07/27/2026,98,38,38.8,3
C49,07/28/2026,98,61,62.2,0
C49,07/29/2026,98,68,69.4,1
C50,05/31/2026,24,11,45.8,3
C50,06/01/2026,24,11,45.8,0
C50,06/02/2026,24,11,45.8,3
C50,06/03/2026,24,13,54.2,5
C50,06/04/2026,24,21,87.5,0
C50,06/05/2026,24,16,66.7,2
C50,06/06/2026,24,11,45.8,1
C50,06/07/2026,24,5,20.8,3
C50,06/08/2026,24,6,25.0,4
C50,06/09/2026,24,16,66.7,0
C50,06/10/2026,24,13,54.2,2
C50,06/11/2026,24,20,83.3,3
C50,06/12/2026,24,13,54.2,2
C50,06/13/2026,24,10,41.7,5
C50,06/14/2026,24,7,29.2,2
C50,06/15/2026,24,12,50.0,2
C50,06/16/2026,24,17,70.8,0
C50,06/17/2026,24,13,54.2,1
C50,06/18/2026,24,19,79.2,4
C50,06/19/2026,24,17,70.8,5
C50,06/20/2026,24,14,58.3,1
C50,06/21/2026,24,10,41.7,4
C50,06/22/2026,24,10,41.7,2
C50,06/23/2026,24,16,66.7,0
C50,06/24/2026,24,13,54.2,2
C50,06/25/2026,24,17,70.8,2
C50,06/26/2026,24,13,54.2,4
C50,06/27/2026,24,11,45.8,1
C50,06/28/2026,24,11,45.8,2
C50,06/29/2026,24,12,50.0,3
C50,06/30/2026,24,13,54.2,0
C50,07/01/2026,24,18,75.0,2
C50,07/02/2026,24,20,83.3,3
C50,07/03/2026,24,14,58.3,5
C50,07/04/2026,24,15,62.5,4
C50,07/05/2026,24,7,29.2,3
C50,07/06/2026,24,9,37.5,5
C50,07/07/2026,24,12,50.0,0
C50,07/08/2026,24,15,62.5,3
C50,07/09/2026,24,16,66.7,4
C50,07/10/2026,24,16,66.7,1
C50,07/11/2026,24,9,37.5,0
C50,07/12/2026,24,8,33.3,3
C50,07/13/2026,24,11,45.8,2
C50,07/14/2026,24,12,50.0,3
C50,07/15/2026,24,15,62.5,5
C50,07/16/2026,24,17,70.8,3
C50,07/17/2026,24,13,54.2,1
C50,07/18/2026,24,10,41.7,0
C50,07/19/2026,24,11,45.8,3
C50,07/20/2026,24,7,29.2,3
C50,07/21/2026,24,16,66.7,3
C50,07/22/2026,24,15,62.5,0
C50,07/23/2026,24,21,87.5,3
C50,07/24/2026,24,19,79.2,5
C50,07/25/2026,24,13,54.2,0
C50,07/26/2026,24,11,45.8,1
C50,07/27/2026,24,8,33.3,1
C50,07/28/2026,24,16,66.7,5
C50,07/29/2026,24,14,58.3,0
